customer_id,usage_date,active_users,login_count,session_count,feature_usage,api_calls
CUST1053,2021-01-01,60,435,745,2420,11722
CUST1053,2021-02-01,54,467,531,3053,15358
CUST1053,2021-03-01,61,322,539,1506,27412
CUST1053,2021-04-01,68,732,948,2324,22767
CUST1053,2021-05-01,54,319,398,1235,5607
CUST1053,2021-06-01,54,545,603,1307,21738
CUST1053,2021-07-01,69,502,821,2861,6228
CUST1053,2021-08-01,62,273,322,1440,29070
CUST1053,2021-09-01,52,622,1034,2315,17683
CUST1053,2021-10-01,60,558,1011,2530,9282
CUST1053,2021-11-01,52,615,1112,5589,21449
CUST1053,2021-12-01,52,361,459,2183,10981
CUST1053,2022-01-01,58,244,465,1832,14318
CUST1053,2022-02-01,39,220,380,1048,5225
CUST1053,2022-03-01,41,251,441,1367,17388
CUST1053,2022-04-01,51,572,914,2079,6107
CUST1053,2022-05-01,47,266,355,1231,2365
CUST1053,2022-06-01,58,507,730,2001,3388
CUST1053,2022-07-01,48,514,924,2730,17973
CUST1053,2022-08-01,44,392,621,2204,12576
CUST1053,2022-09-01,68,508,810,3606,13271
CUST1053,2022-10-01,54,473,567,2320,4320
CUST1053,2022-11-01,56,588,715,3928,7892
CUST1053,2022-12-01,44,324,385,1649,18758
CUST1053,2023-01-01,51,454,714,3430,8423
CUST1053,2023-02-01,56,352,579,1322,26241
CUST1053,2023-03-01,46,224,345,1917,3955
CUST1053,2023-04-01,59,602,695,2941,27860
CUST1053,2023-05-01,50,337,482,2329,21031
CUST1053,2023-06-01,53,285,323,736,9898
CUST1053,2023-07-01,50,575,1129,2696,18816
CUST1053,2023-08-01,71,552,701,2877,11497
CUST1053,2023-09-01,55,474,597,2983,13025
CUST1053,2023-10-01,47,185,309,1060,12051
CUST1053,2023-11-01,62,557,1055,2813,8133
CUST1053,2023-12-01,45,297,416,1095,22468
CUST1053,2024-01-01,57,398,564,1838,28281
CUST1053,2024-02-01,39,230,329,1663,9506
CUST1053,2024-03-01,44,419,690,2934,6435
CUST1053,2024-04-01,57,563,1088,3281,27516
CUST1053,2024-05-01,62,435,633,3105,30524
CUST1053,2024-06-01,57,476,745,4450,10592
CUST1053,2024-07-01,55,313,406,2201,3287
CUST1053,2024-08-01,53,551,948,2942,15854
CUST1053,2024-09-01,43,344,665,1741,2880
CUST1053,2024-10-01,49,303,371,1286,15286
CUST1053,2024-11-01,52,265,484,1145,11955
CUST1053,2024-12-01,64,720,1267,6201,26035
CUST1053,2025-01-01,58,264,486,2312,17939
CUST1053,2025-02-01,41,457,747,2391,15533
CUST1053,2025-03-01,58,474,554,1231,23020
CUST1053,2025-04-01,52,318,583,2137,22907
CUST1053,2025-05-01,50,541,705,3250,16051
CUST1053,2025-06-01,61,189,340,1200,11416
CUST1053,2025-07-01,64,215,340,883,17669
CUST1053,2025-08-01,63,314,359,1768,14288
CUST1053,2025-09-01,48,336,549,2206,7197
CUST1053,2025-10-01,53,297,432,1092,4618
CUST1053,2025-11-01,58,472,540,1942,5120
CUST1053,2025-12-01,64,481,864,2178,7084
CUST1027,2021-01-01,135,645,938,4019,40840
CUST1027,2021-02-01,141,1688,2653,7877,23944
CUST1027,2021-03-01,121,831,1426,6137,12177
CUST1027,2021-04-01,119,799,1141,3151,24399
CUST1027,2021-05-01,163,1450,2599,6957,33801
CUST1027,2021-06-01,175,1818,3313,14884,43436
CUST1027,2021-07-01,144,1629,2134,10118,17308
CUST1027,2021-08-01,167,1595,1877,9306,26615
CUST1027,2021-09-01,153,1314,1620,8634,27457
CUST1027,2021-10-01,131,797,1453,4679,34326
CUST1027,2021-11-01,153,915,1615,4598,45271
CUST1027,2021-12-01,179,1745,2781,12492,88879
CUST1027,2022-01-01,145,1342,2283,8005,66369
CUST1027,2022-02-01,180,1393,1852,4149,25256
CUST1027,2022-03-01,88,815,1095,4226,41828
CUST1027,2022-04-01,163,586,992,4614,75108
CUST1027,2022-05-01,147,917,1097,3477,65787
CUST1027,2022-06-01,139,900,1783,7192,51341
CUST1027,2022-07-01,148,1647,2530,11102,13262
CUST1027,2022-08-01,102,488,961,4077,37802
CUST1027,2022-09-01,141,473,912,2936,38136
CUST1027,2022-10-01,153,1484,1656,7844,32117
CUST1027,2022-11-01,178,1018,2032,12017,30997
CUST1027,2022-12-01,134,476,633,2246,66997
CUST1027,2023-01-01,128,1524,2971,17221,19393
CUST1027,2023-02-01,135,820,1191,3035,51090
CUST1027,2023-03-01,166,1275,2180,11969,59583
CUST1027,2023-04-01,153,1033,1668,6181,29157
CUST1027,2023-05-01,134,1132,1702,4301,46044
CUST1027,2023-06-01,157,1291,2214,6219,17607
CUST1027,2023-07-01,148,1361,2597,14642,36042
CUST1027,2023-08-01,167,1867,3347,15479,50798
CUST1027,2023-09-01,130,574,666,2751,48587
CUST1027,2023-10-01,138,642,1191,3075,8730
CUST1027,2023-11-01,137,803,1586,9269,25551
CUST1027,2023-12-01,113,1097,2017,9172,43194
CUST1027,2024-01-01,152,663,841,2124,9391
CUST1027,2024-02-01,151,1792,2966,13116,49159
CUST1027,2024-03-01,146,1221,1596,3358,12521
CUST1027,2024-04-01,140,1402,1711,9212,36532
CUST1027,2024-05-01,115,1017,1287,4568,30271
CUST1027,2024-06-01,136,608,792,2878,66091
CUST1027,2024-07-01,138,1563,3055,8829,48590
CUST1027,2024-08-01,128,617,792,2144,61390
CUST1027,2024-09-01,142,987,1633,7759,62486
CUST1027,2024-10-01,154,1692,2512,12823,49829
CUST1027,2024-11-01,187,1948,3405,12178,88378
CUST1027,2024-12-01,149,1213,1919,8761,54660
CUST1027,2025-01-01,151,505,605,2315,67194
CUST1027,2025-02-01,144,1569,2072,8601,70952
CUST1027,2025-03-01,103,345,499,2525,49766
CUST1027,2025-04-01,145,682,1019,5642,57732
CUST1027,2025-05-01,147,819,1023,3250,68144
CUST1027,2025-06-01,199,1832,3505,13509,67808
CUST1027,2025-07-01,141,537,832,2262,44196
CUST1027,2025-08-01,152,1679,2672,9545,29724
CUST1027,2025-09-01,145,467,704,3932,65700
CUST1027,2025-10-01,120,1313,1550,5109,41023
CUST1027,2025-11-01,171,1607,2004,9885,15567
CUST1027,2025-12-01,162,1515,2531,5925,59660
CUST1002,2021-03-01,211,2135,3331,19316,46505
CUST1002,2021-04-01,163,1047,1875,10591,49628
CUST1002,2021-05-01,228,2037,2515,13770,29751
CUST1002,2021-06-01,149,1401,2070,6702,58986
CUST1002,2021-07-01,205,1438,2392,5908,22387
CUST1002,2021-08-01,251,1211,2010,6055,64353
CUST1002,2021-09-01,160,1711,2719,5500,71554
CUST1002,2021-10-01,172,884,1440,5620,40345
CUST1002,2021-11-01,191,709,1162,3461,56594
CUST1002,2021-12-01,174,1492,2389,12664,12530
CUST1002,2022-01-01,145,628,1060,2275,62962
CUST1002,2022-02-01,190,1710,3170,10124,88192
CUST1002,2022-03-01,158,543,801,2173,55685
CUST1002,2022-04-01,202,1716,2955,12942,81666
CUST1002,2022-05-01,162,744,1123,4846,76004
CUST1002,2022-06-01,232,890,1218,4231,51161
CUST1002,2022-07-01,166,599,889,3735,30174
CUST1002,2022-08-01,179,753,1299,4023,51404
CUST1002,2022-09-01,212,1637,2825,12566,21027
CUST1002,2022-10-01,154,1473,2454,14598,41217
CUST1002,2022-11-01,195,1793,3479,20683,34950
CUST1002,2022-12-01,226,1916,2653,10881,112493
CUST1002,2023-01-01,143,884,1075,4569,40593
CUST1002,2023-02-01,194,1685,2600,7071,62901
CUST1002,2023-03-01,196,1837,3639,7301,11915
CUST1002,2023-04-01,211,1820,2195,11836,86468
CUST1002,2023-05-01,153,1834,2700,9004,46234
CUST1002,2023-06-01,151,1319,1464,4106,26686
CUST1002,2023-07-01,203,2052,2825,11375,39740
CUST1002,2023-08-01,197,601,1032,3473,74067
CUST1002,2023-09-01,196,1674,1885,5094,38951
CUST1002,2023-10-01,198,1196,2039,11550,80935
CUST1002,2023-11-01,169,1489,2283,10293,76291
CUST1002,2023-12-01,195,1527,2140,10990,46074
CUST1002,2024-01-01,197,1907,3530,11286,74118
CUST1002,2024-02-01,168,981,1552,4396,60223
CUST1002,2024-03-01,241,2457,4666,15931,117204
CUST1002,2024-04-01,202,1115,1257,7459,67049
CUST1002,2024-05-01,155,1640,2646,9415,49264
CUST1002,2024-06-01,207,2231,3963,19105,39645
CUST1002,2024-07-01,161,528,777,3098,25267
CUST1002,2024-08-01,211,1491,2915,8350,39255
CUST1002,2024-09-01,221,886,1600,8177,101883
CUST1002,2024-10-01,165,1154,1295,5090,45379
CUST1002,2024-11-01,216,1017,1964,9682,61696
CUST1002,2024-12-01,200,1995,2451,13449,83992
CUST1002,2025-01-01,212,2425,4144,10487,79724
CUST1002,2025-02-01,242,1726,3007,12296,12547
CUST1002,2025-03-01,182,2073,3562,15591,16231
CUST1002,2025-04-01,167,1202,1372,5600,57872
CUST1002,2025-05-01,163,947,1533,4980,73588
CUST1002,2025-06-01,165,971,1236,3839,31946
CUST1002,2025-07-01,186,1296,1562,4056,32203
CUST1002,2025-08-01,198,621,1031,4181,28306
CUST1002,2025-09-01,196,1205,1670,4285,71923
CUST1002,2025-10-01,212,1176,1552,3546,69105
CUST1002,2025-11-01,189,1143,1713,4317,49486
CUST1002,2025-12-01,230,2088,2495,5526,55639
CUST1039,2021-05-01,46,429,816,3686,16585
CUST1039,2021-06-01,67,469,666,2217,9324
CUST1039,2021-07-01,52,510,932,2156,24193
CUST1039,2021-08-01,41,405,652,1546,16853
CUST1039,2021-09-01,40,371,440,1426,13599
CUST1039,2021-10-01,51,504,767,4440,5848
CUST1039,2021-11-01,46,508,676,2334,6095
CUST1039,2021-12-01,53,596,832,4528,10395
CUST1039,2022-01-01,51,376,435,1066,13535
CUST1039,2022-02-01,47,498,674,2287,14504
CUST1039,2022-03-01,41,310,454,2205,4023
CUST1039,2022-04-01,37,296,344,1103,9525
CUST1039,2022-05-01,44,365,479,1424,5348
CUST1039,2022-06-01,54,396,459,1300,19565
CUST1039,2022-07-01,49,337,667,2847,9995
CUST1039,2022-08-01,39,360,452,2114,14925
CUST1039,2022-09-01,49,460,852,2093,15593
CUST1039,2022-10-01,50,296,351,1327,9430
CUST1039,2022-11-01,41,272,445,2110,13053
CUST1039,2022-12-01,49,508,708,3242,3805
CUST1039,2023-01-01,48,238,291,1258,18707
CUST1039,2023-02-01,39,401,714,3315,9899
CUST1039,2023-03-01,50,281,464,1757,7127
CUST1039,2023-04-01,52,566,775,4012,18501
CUST1039,2023-05-01,55,619,1202,5855,25399
CUST1039,2023-06-01,55,655,1064,4730,15382
CUST1039,2023-07-01,38,403,752,1691,17308
CUST1039,2023-08-01,41,480,528,2238,20106
CUST1039,2023-09-01,51,203,274,582,12457
CUST1039,2023-10-01,51,423,703,3407,11868
CUST1039,2023-11-01,51,352,454,1222,5741
CUST1039,2023-12-01,75,599,1113,3830,17831
CUST1039,2024-01-01,52,291,548,1371,2871
CUST1039,2024-02-01,56,494,607,3362,19379
CUST1039,2024-03-01,54,635,776,1977,22284
CUST1039,2024-04-01,52,558,1062,5078,24369
CUST1039,2024-05-01,45,387,583,2155,18856
CUST1039,2024-06-01,53,342,445,1646,2827
CUST1039,2024-07-01,42,314,551,2671,7188
CUST1039,2024-08-01,46,521,843,1798,3083
CUST1039,2024-09-01,44,323,462,1996,21242
CUST1039,2024-10-01,48,178,312,1280,20961
CUST1039,2024-11-01,64,624,843,3429,18272
CUST1039,2024-12-01,34,288,380,1718,11855
CUST1039,2025-01-01,52,468,802,3333,16163
CUST1039,2025-02-01,36,306,585,2421,1974
CUST1039,2025-03-01,44,311,595,2556,8763
CUST1039,2025-04-01,55,339,671,2132,6895
CUST1039,2025-05-01,48,444,727,2338,19356
CUST1039,2025-06-01,40,213,354,1526,12311
CUST1039,2025-07-01,42,374,509,2519,2615
CUST1039,2025-08-01,52,382,463,1068,20940
CUST1039,2025-09-01,42,221,365,1131,6956
CUST1039,2025-10-01,49,473,777,4382,18744
CUST1039,2025-11-01,48,428,613,1656,19302
CUST1039,2025-12-01,43,220,277,1138,2790
CUST1026,2021-05-01,31,362,592,3129,13234
CUST1026,2021-06-01,26,254,373,1317,9029
CUST1026,2021-07-01,16,152,190,819,6861
CUST1026,2021-08-01,24,83,111,585,1767
CUST1026,2021-09-01,21,150,229,894,10010
CUST1026,2021-10-01,27,305,399,1888,6089
CUST1026,2021-11-01,21,112,176,658,3779
CUST1026,2021-12-01,23,234,337,1099,6638
CUST1026,2022-01-01,25,290,344,1419,5230
CUST1026,2022-02-01,27,286,471,2170,4661
CUST1026,2022-03-01,19,103,187,564,5944
CUST1026,2022-04-01,22,157,268,795,7751
CUST1026,2022-05-01,22,218,341,1606,10932
CUST1026,2022-06-01,21,122,135,274,1692
CUST1026,2022-07-01,30,201,316,1498,6245
CUST1026,2022-08-01,25,238,315,672,8218
CUST1026,2022-09-01,19,66,107,596,2803
CUST1026,2022-10-01,27,226,273,1591,2399
CUST1026,2022-11-01,31,261,375,1895,10588
CUST1026,2022-12-01,27,276,349,852,3588
CUST1026,2023-01-01,18,101,171,393,4572
CUST1026,2023-02-01,22,263,471,2246,7709
CUST1026,2023-03-01,28,278,370,1895,4893
CUST1026,2023-04-01,21,74,107,640,3490
CUST1026,2023-05-01,25,257,323,735,12268
CUST1026,2023-06-01,26,124,180,824,2568
CUST1026,2023-07-01,20,157,233,1038,1956
CUST1026,2023-08-01,23,160,213,455,1878
CUST1026,2023-09-01,12,114,205,425,3287
CUST1026,2023-10-01,20,177,194,417,4514
CUST1026,2023-11-01,23,100,139,495,1188
CUST1026,2023-12-01,19,178,319,1248,4403
CUST1026,2024-01-01,29,276,505,1151,4397
CUST1026,2024-02-01,18,116,199,1018,1881
CUST1026,2024-03-01,22,171,340,1133,4097
CUST1026,2024-04-01,24,83,165,757,5145
CUST1026,2024-05-01,29,309,434,2328,11373
CUST1026,2024-06-01,18,100,128,539,8736
CUST1026,2024-07-01,28,250,342,1217,2745
CUST1026,2024-08-01,24,220,338,1872,5930
CUST1026,2024-09-01,20,94,106,222,9967
CUST1026,2024-10-01,25,128,185,956,8488
CUST1026,2024-11-01,24,179,352,1846,11639
CUST1026,2024-12-01,21,66,92,308,7863
CUST1026,2025-01-01,24,159,205,946,6849
CUST1026,2025-02-01,22,252,474,1965,8436
CUST1026,2025-03-01,24,122,142,701,6480
CUST1026,2025-04-01,26,82,157,702,4139
CUST1026,2025-05-01,29,256,284,1286,13255
CUST1026,2025-06-01,19,197,233,1035,8092
CUST1026,2025-07-01,31,110,201,493,9849
CUST1026,2025-08-01,16,136,157,441,3228
CUST1026,2025-09-01,23,242,426,1537,2400
CUST1026,2025-10-01,26,238,378,1242,12586
CUST1026,2025-11-01,25,122,139,374,1961
CUST1026,2025-12-01,21,114,203,542,4545
CUST1032,2021-05-01,43,298,576,1245,4084
CUST1032,2021-06-01,41,435,718,3669,2338
CUST1032,2021-07-01,41,302,333,904,3694
CUST1032,2021-08-01,50,443,840,3078,20666
CUST1032,2021-09-01,47,467,804,2271,15882
CUST1032,2021-10-01,40,308,453,2605,12989
CUST1032,2021-11-01,51,170,214,855,24359
CUST1032,2021-12-01,47,406,732,2482,2446
CUST1032,2022-01-01,50,256,308,1269,4652
CUST1032,2022-02-01,49,306,546,2270,7285
CUST1032,2022-03-01,39,387,655,2034,5349
CUST1032,2022-04-01,41,416,714,4194,10802
CUST1032,2022-05-01,50,229,390,847,17009
CUST1032,2022-06-01,49,272,405,1351,20203
CUST1032,2022-07-01,44,432,492,2441,20512
CUST1032,2022-08-01,45,206,372,1465,4600
CUST1032,2022-09-01,53,585,1023,4471,10424
CUST1032,2022-10-01,41,196,334,1103,16422
CUST1032,2022-11-01,48,284,337,1668,21189
CUST1032,2022-12-01,43,274,355,1378,11523
CUST1032,2023-01-01,43,473,582,3324,10954
CUST1032,2023-02-01,52,337,412,2010,17389
CUST1032,2023-03-01,50,589,755,1894,18074
CUST1032,2023-04-01,50,176,215,1162,12818
CUST1032,2023-05-01,53,240,338,1874,17046
CUST1032,2023-06-01,45,454,760,3379,5691
CUST1032,2023-07-01,49,574,1073,2517,21346
CUST1032,2023-08-01,42,310,618,2698,17919
CUST1032,2023-09-01,47,259,455,2249,7566
CUST1032,2023-10-01,44,261,423,2354,13917
CUST1032,2023-11-01,45,195,315,636,22098
CUST1032,2023-12-01,49,164,249,1263,3191
CUST1032,2024-01-01,39,303,463,2403,16363
CUST1032,2024-02-01,59,417,548,2320,3279
CUST1032,2024-03-01,38,364,711,1799,6958
CUST1032,2024-04-01,36,317,374,1465,6738
CUST1032,2024-05-01,52,485,907,4525,3171
CUST1032,2024-06-01,50,354,635,3490,11620
CUST1032,2024-07-01,49,495,709,2734,16416
CUST1032,2024-08-01,49,526,612,3411,9790
CUST1032,2024-09-01,44,144,213,655,20932
CUST1032,2024-10-01,38,299,542,2791,3284
CUST1032,2024-11-01,45,491,865,1919,21392
CUST1032,2024-12-01,40,362,687,1678,8580
CUST1032,2025-01-01,51,437,624,1685,15374
CUST1032,2025-02-01,44,158,274,772,21628
CUST1032,2025-03-01,39,200,240,939,18432
CUST1032,2025-04-01,42,345,677,1922,16180
CUST1032,2025-05-01,47,236,334,1025,16736
CUST1032,2025-06-01,41,225,260,879,11020
CUST1032,2025-07-01,39,301,364,1761,13854
CUST1032,2025-08-01,46,358,487,2183,18858
CUST1032,2025-09-01,46,529,966,5567,3658
CUST1032,2025-10-01,41,452,683,1585,18617
CUST1032,2025-11-01,41,229,449,1094,7141
CUST1032,2025-12-01,46,426,658,3618,13078
CUST1004,2021-06-01,127,406,598,2828,59597
CUST1004,2021-07-01,128,929,1373,6797,7637
CUST1004,2021-08-01,145,681,762,3968,61730
CUST1004,2021-09-01,157,1205,1689,7287,54179
CUST1004,2021-10-01,170,1713,2633,12278,49057
CUST1004,2021-11-01,199,1579,2387,10190,90391
CUST1004,2021-12-01,183,1053,1906,5540,39776
CUST1004,2022-01-01,159,889,1654,4289,28297
CUST1004,2022-02-01,162,1880,3114,8230,47124
CUST1004,2022-03-01,138,640,805,3890,63082
CUST1004,2022-04-01,162,1644,2046,5048,80546
CUST1004,2022-05-01,155,1266,1894,6588,22059
CUST1004,2022-06-01,170,1591,2703,15980,19817
CUST1004,2022-07-01,142,999,1975,8165,14863
CUST1004,2022-08-01,175,564,1093,5545,83388
CUST1004,2022-09-01,200,2270,2815,16553,59153
CUST1004,2022-10-01,160,1210,2035,6475,72510
CUST1004,2022-11-01,172,2016,3585,21424,60217
CUST1004,2022-12-01,179,1825,3204,18228,36231
CUST1004,2023-01-01,153,613,938,2026,54330
CUST1004,2023-02-01,168,680,763,3410,25059
CUST1004,2023-03-01,163,1013,1411,6254,22464
CUST1004,2023-04-01,165,1276,2300,11657,22781
CUST1004,2023-05-01,144,540,1006,4736,69254
CUST1004,2023-06-01,163,1920,2793,11065,52392
CUST1004,2023-07-01,175,1330,1530,7140,40057
CUST1004,2023-08-01,198,1869,2775,9835,10986
CUST1004,2023-09-01,186,1135,1563,5911,56258
CUST1004,2023-10-01,215,1062,2016,10011,50960
CUST1004,2023-11-01,144,1005,1253,6154,65372
CUST1004,2023-12-01,184,1758,2589,13830,58709
CUST1004,2024-01-01,167,716,983,5852,47826
CUST1004,2024-02-01,216,1300,2521,10998,47325
CUST1004,2024-03-01,143,437,731,2261,18404
CUST1004,2024-04-01,142,1016,1636,9258,19832
CUST1004,2024-05-01,148,1552,2111,8364,62198
CUST1004,2024-06-01,111,634,1031,4099,42505
CUST1004,2024-07-01,150,753,1364,3568,27761
CUST1004,2024-08-01,144,1262,2111,5270,50351
CUST1004,2024-09-01,166,927,1169,6578,56465
CUST1004,2024-10-01,171,556,994,3948,83239
CUST1004,2024-11-01,208,1745,2487,9753,51216
CUST1004,2024-12-01,186,989,1698,10013,77790
CUST1004,2025-01-01,148,941,1655,3426,24685
CUST1004,2025-02-01,141,1161,1429,5493,51038
CUST1004,2025-03-01,175,1087,1247,4295,58854
CUST1004,2025-04-01,130,1507,1723,5456,43878
CUST1004,2025-05-01,207,764,973,4390,81580
CUST1004,2025-06-01,191,1602,2003,6590,36728
CUST1004,2025-07-01,151,1601,2913,8989,54976
CUST1004,2025-08-01,121,757,1196,4074,13875
CUST1004,2025-09-01,196,829,1121,5734,46137
CUST1004,2025-10-01,160,1806,2251,6463,44243
CUST1004,2025-11-01,193,2023,3672,15549,69546
CUST1004,2025-12-01,124,1434,2669,12945,45386
CUST1031,2021-07-01,29,195,375,924,3162
CUST1031,2021-08-01,32,101,142,676,3601
CUST1031,2021-09-01,32,223,443,1812,15569
CUST1031,2021-10-01,29,131,180,896,2997
CUST1031,2021-11-01,34,141,243,1154,6403
CUST1031,2021-12-01,26,127,251,928,10227
CUST1031,2022-01-01,31,124,138,543,7565
CUST1031,2022-02-01,32,152,171,793,10141
CUST1031,2022-03-01,34,245,469,1019,6315
CUST1031,2022-04-01,35,108,128,319,11228
CUST1031,2022-05-01,26,215,275,1287,1642
CUST1031,2022-06-01,24,103,182,565,7461
CUST1031,2022-07-01,38,234,437,2238,12381
CUST1031,2022-08-01,33,248,288,1520,12984
CUST1031,2022-09-01,28,217,378,2213,3564
CUST1031,2022-10-01,39,381,420,2058,18170
CUST1031,2022-11-01,32,361,673,2623,11653
CUST1031,2022-12-01,37,172,293,711,15748
CUST1031,2023-01-01,32,378,560,2271,7469
CUST1031,2023-02-01,41,403,557,2152,11638
CUST1031,2023-03-01,40,298,424,1336,14998
CUST1031,2023-04-01,30,112,172,608,7668
CUST1031,2023-05-01,36,346,594,3186,5459
CUST1031,2023-06-01,35,233,462,1714,15244
CUST1031,2023-07-01,38,420,765,4403,8183
CUST1031,2023-08-01,27,84,143,670,6165
CUST1031,2023-09-01,35,269,459,1136,7968
CUST1031,2023-10-01,37,342,677,3361,16708
CUST1031,2023-11-01,23,103,147,411,3222
CUST1031,2023-12-01,26,275,402,1178,6269
CUST1031,2024-01-01,22,164,293,1483,6977
CUST1031,2024-02-01,30,294,535,3088,6307
CUST1031,2024-03-01,35,315,615,3659,9804
CUST1031,2024-04-01,39,168,253,629,10537
CUST1031,2024-05-01,32,162,315,667,12224
CUST1031,2024-06-01,39,408,631,1329,5093
CUST1031,2024-07-01,25,211,294,944,8261
CUST1031,2024-08-01,23,226,383,1562,6244
CUST1031,2024-09-01,31,223,304,1213,8591
CUST1031,2024-10-01,33,260,475,1977,1912
CUST1031,2024-11-01,31,306,609,3361,3211
CUST1031,2024-12-01,22,155,289,1089,1456
CUST1031,2025-01-01,31,142,240,1228,13891
CUST1031,2025-02-01,25,111,165,536,5627
CUST1031,2025-03-01,35,345,556,2202,10472
CUST1031,2025-04-01,33,259,394,1674,3971
CUST1031,2025-05-01,27,94,125,545,5940
CUST1031,2025-06-01,29,263,470,1474,2251
CUST1031,2025-07-01,26,216,262,907,10771
CUST1031,2025-08-01,31,255,456,2052,6858
CUST1031,2025-09-01,36,246,490,1787,2714
CUST1031,2025-10-01,27,140,183,594,2382
CUST1031,2025-11-01,34,312,587,1442,4297
CUST1031,2025-12-01,29,227,257,1190,6963
CUST1059,2021-08-01,118,1311,1756,8400,37122
CUST1059,2021-09-01,131,1555,2239,7973,40301
CUST1059,2021-10-01,113,1161,1381,6491,22733
CUST1059,2021-11-01,122,918,1641,5510,39854
CUST1059,2021-12-01,109,683,1019,4063,47011
CUST1059,2022-01-01,173,1744,3237,13411,31020
CUST1059,2022-02-01,134,459,916,3305,20320
CUST1059,2022-03-01,119,1152,1362,7323,11022
CUST1059,2022-04-01,138,832,965,5022,36414
CUST1059,2022-05-01,131,640,1162,5352,24343
CUST1059,2022-06-01,129,1320,1966,8178,18064
CUST1059,2022-07-01,146,966,1605,6119,57458
CUST1059,2022-08-01,149,689,769,3701,65294
CUST1059,2022-09-01,123,1007,1300,7603,47231
CUST1059,2022-10-01,122,879,1708,7055,39831
CUST1059,2022-11-01,128,1270,1892,8068,42501
CUST1059,2022-12-01,87,669,955,2474,10241
CUST1059,2023-01-01,103,944,1293,4837,19919
CUST1059,2023-02-01,161,1685,1951,5490,37931
CUST1059,2023-03-01,167,1739,2924,8847,53532
CUST1059,2023-04-01,128,851,1023,2831,20545
CUST1059,2023-05-01,145,1514,2297,9737,35707
CUST1059,2023-06-01,140,1235,1399,3689,15595
CUST1059,2023-07-01,195,1038,1892,8768,25192
CUST1059,2023-08-01,156,1664,3273,12906,9197
CUST1059,2023-09-01,131,1406,1652,7279,57669
CUST1059,2023-10-01,114,1265,1854,6403,39426
CUST1059,2023-11-01,101,385,750,3672,11438
CUST1059,2023-12-01,138,553,973,5576,39313
CUST1059,2024-01-01,118,1234,2412,13811,19271
CUST1059,2024-02-01,105,1150,1511,3761,43365
CUST1059,2024-03-01,121,721,1172,4172,46798
CUST1059,2024-04-01,112,573,848,2185,14427
CUST1059,2024-05-01,167,1958,2928,8834,52649
CUST1059,2024-06-01,151,1119,1608,9318,29055
CUST1059,2024-07-01,133,906,1553,9090,59284
CUST1059,2024-08-01,163,1863,2657,12920,68397
CUST1059,2024-09-01,135,430,847,3746,57869
CUST1059,2024-10-01,116,1039,2022,9630,46975
CUST1059,2024-11-01,164,845,1349,4366,78936
CUST1059,2024-12-01,144,902,1651,4108,63378
CUST1059,2025-01-01,113,1211,1755,9896,25632
CUST1059,2025-02-01,130,1534,2040,4816,54628
CUST1059,2025-03-01,116,593,764,4248,53609
CUST1059,2025-04-01,106,920,1740,8816,24679
CUST1059,2025-05-01,152,502,943,4991,71929
CUST1059,2025-06-01,172,1245,1832,9828,64125
CUST1059,2025-07-01,105,1143,2101,11130,38253
CUST1059,2025-08-01,145,1095,1551,6837,60326
CUST1059,2025-09-01,120,1156,1743,3676,8813
CUST1059,2025-10-01,124,1088,1813,9362,13793
CUST1059,2025-11-01,122,805,1340,4361,10614
CUST1059,2025-12-01,116,512,801,4708,49158
CUST1019,2021-09-01,199,829,1355,4933,94074
CUST1019,2021-10-01,173,1221,2302,5833,22155
CUST1019,2021-11-01,206,1717,2394,7486,18123
CUST1019,2021-12-01,196,1236,1797,6306,83418
CUST1019,2022-01-01,190,1545,1728,3614,57254
CUST1019,2022-02-01,171,1454,1898,4471,44133
CUST1019,2022-03-01,180,964,1799,3956,59058
CUST1019,2022-04-01,220,1848,2281,13303,27842
CUST1019,2022-05-01,212,1718,1911,7841,84378
CUST1019,2022-06-01,168,1907,3517,13985,25370
CUST1019,2022-07-01,200,965,1883,9892,33958
CUST1019,2022-08-01,220,2137,3085,11492,31453
CUST1019,2022-09-01,148,731,1346,6604,20011
CUST1019,2022-10-01,214,989,1793,3792,104701
CUST1019,2022-11-01,178,911,1371,4103,55590
CUST1019,2022-12-01,214,1888,2222,8611,94620
CUST1019,2023-01-01,175,2059,3001,8549,38950
CUST1019,2023-02-01,144,980,1604,3676,43293
CUST1019,2023-03-01,149,516,999,3879,31205
CUST1019,2023-04-01,199,1683,2867,14934,73491
CUST1019,2023-05-01,205,2109,2330,9362,45391
CUST1019,2023-06-01,171,2017,3437,8692,77206
CUST1019,2023-07-01,216,727,917,2457,58704
CUST1019,2023-08-01,148,895,1361,3210,54703
CUST1019,2023-09-01,196,1351,1802,5862,96105
CUST1019,2023-10-01,162,1213,2396,7485,34387
CUST1019,2023-11-01,178,1222,2337,7134,75350
CUST1019,2023-12-01,199,2256,3531,13216,24724
CUST1019,2024-01-01,172,1656,2553,14807,51609
CUST1019,2024-02-01,186,2102,3516,13220,25112
CUST1019,2024-03-01,227,792,1001,3884,28057
CUST1019,2024-04-01,180,1296,1560,8705,49087
CUST1019,2024-05-01,222,1548,3080,13069,56830
CUST1019,2024-06-01,164,658,1150,2981,34000
CUST1019,2024-07-01,213,1029,1395,7449,82531
CUST1019,2024-08-01,240,2496,4010,18656,34938
CUST1019,2024-09-01,124,1485,1639,8305,16275
CUST1019,2024-10-01,174,1963,2594,10356,16084
CUST1019,2024-11-01,215,1280,1735,10280,22552
CUST1019,2024-12-01,191,1215,2352,5701,37358
CUST1019,2025-01-01,209,681,1031,4980,55580
CUST1019,2025-02-01,180,1557,2090,9680,35683
CUST1019,2025-03-01,200,678,1125,4288,95267
CUST1019,2025-04-01,193,2315,4435,23009,20881
CUST1019,2025-05-01,232,2498,4549,14246,94926
CUST1019,2025-06-01,205,1987,3164,13950,18787
CUST1019,2025-07-01,208,1101,1448,7360,47738
CUST1019,2025-08-01,185,589,758,2693,42749
CUST1019,2025-09-01,183,1614,3161,8270,33735
CUST1019,2025-10-01,185,1888,3327,18919,84485
CUST1019,2025-11-01,209,1762,2507,5977,45009
CUST1019,2025-12-01,185,887,1331,4728,31600
CUST1037,2021-09-01,162,1102,1962,10288,52850
CUST1037,2021-10-01,204,1409,2090,4518,41572
CUST1037,2021-11-01,176,1262,1642,7791,21081
CUST1037,2021-12-01,148,1103,1838,7533,26760
CUST1037,2022-01-01,184,1276,2445,9561,21504
CUST1037,2022-02-01,146,605,1157,6208,41667
CUST1037,2022-03-01,108,611,698,1609,7591
CUST1037,2022-04-01,132,523,775,1842,45854
CUST1037,2022-05-01,112,909,1207,3644,9721
CUST1037,2022-06-01,147,1107,1331,6184,19227
CUST1037,2022-07-01,156,723,1050,2449,69348
CUST1037,2022-08-01,195,1107,1802,6883,68565
CUST1037,2022-09-01,163,1404,1879,11023,72063
CUST1037,2022-10-01,150,702,889,4434,48273
CUST1037,2022-11-01,175,1897,2268,9383,9210
CUST1037,2022-12-01,104,421,528,2063,37576
CUST1037,2023-01-01,161,1741,3428,15109,43313
CUST1037,2023-02-01,174,1490,2945,10139,61458
CUST1037,2023-03-01,121,1114,1621,5204,12861
CUST1037,2023-04-01,182,568,682,1407,88585
CUST1037,2023-05-01,163,1749,2253,10351,55808
CUST1037,2023-06-01,146,1010,1680,8668,19843
CUST1037,2023-07-01,170,970,1471,5730,10168
CUST1037,2023-08-01,209,939,1161,5584,101101
CUST1037,2023-09-01,160,1158,2169,9415,22496
CUST1037,2023-10-01,161,1308,2420,5332,8620
CUST1037,2023-11-01,145,1257,2189,12954,62622
CUST1037,2023-12-01,136,1310,2143,9037,24595
CUST1037,2024-01-01,175,1292,1986,8667,56905
CUST1037,2024-02-01,135,1229,2255,8910,50143
CUST1037,2024-03-01,157,1217,1800,5874,12337
CUST1037,2024-04-01,144,1589,2344,9126,39262
CUST1037,2024-05-01,167,1912,2699,12928,9913
CUST1037,2024-06-01,163,911,1159,3912,25174
CUST1037,2024-07-01,180,895,1716,5759,57770
CUST1037,2024-08-01,144,1523,2575,6500,26211
CUST1037,2024-09-01,149,1400,2749,14658,52581
CUST1037,2024-10-01,133,1278,2321,12066,57195
CUST1037,2024-11-01,145,1246,1687,8429,50775
CUST1037,2024-12-01,164,682,872,3856,15646
CUST1037,2025-01-01,173,1166,2325,7473,24954
CUST1037,2025-02-01,134,458,511,2822,28229
CUST1037,2025-03-01,176,779,1437,8015,11332
CUST1037,2025-04-01,187,668,993,4438,19505
CUST1037,2025-05-01,165,827,1101,3700,34626
CUST1037,2025-06-01,199,680,1285,3944,23488
CUST1037,2025-07-01,137,1261,1972,9224,50399
CUST1037,2025-08-01,126,1428,2133,8166,54018
CUST1037,2025-09-01,114,455,543,2412,45824
CUST1037,2025-10-01,191,2201,4052,8784,18610
CUST1037,2025-11-01,171,1482,2791,15752,20633
CUST1037,2025-12-01,154,866,1296,5214,58465
CUST1043,2021-11-01,29,127,181,955,3054
CUST1043,2021-12-01,23,110,216,1096,1218
CUST1043,2022-01-01,38,399,608,1913,4828
CUST1043,2022-02-01,28,151,263,962,9330
CUST1043,2022-03-01,28,145,257,1058,11318
CUST1043,2022-04-01,31,131,194,1100,14078
CUST1043,2022-05-01,30,346,541,2558,14240
CUST1043,2022-06-01,28,195,349,1699,7918
CUST1043,2022-07-01,24,87,122,440,9541
CUST1043,2022-08-01,29,200,290,623,13488
CUST1043,2022-09-01,35,152,245,1448,17185
CUST1043,2022-10-01,33,336,634,3734,7876
CUST1043,2022-11-01,34,373,645,3543,12739
CUST1043,2022-12-01,25,145,204,1082,11377
CUST1043,2023-01-01,23,195,240,867,7814
CUST1043,2023-02-01,27,296,491,2196,6722
CUST1043,2023-03-01,28,171,313,1438,11170
CUST1043,2023-04-01,32,349,410,1701,7215
CUST1043,2023-05-01,20,189,357,1457,5867
CUST1043,2023-06-01,34,167,260,844,6912
CUST1043,2023-07-01,27,235,263,1462,7910
CUST1043,2023-08-01,26,138,255,820,6246
CUST1043,2023-09-01,23,173,304,1631,3838
CUST1043,2023-10-01,21,158,191,960,9945
CUST1043,2023-11-01,31,218,352,711,6278
CUST1043,2023-12-01,28,143,253,1094,10404
CUST1043,2024-01-01,22,251,426,2291,3414
CUST1043,2024-02-01,22,125,212,1115,6770
CUST1043,2024-03-01,26,110,158,782,2531
CUST1043,2024-04-01,35,267,339,1733,8905
CUST1043,2024-05-01,26,112,166,605,2379
CUST1043,2024-06-01,21,143,174,497,1787
CUST1043,2024-07-01,26,236,345,1461,10412
CUST1043,2024-08-01,26,282,458,2081,12959
CUST1043,2024-09-01,16,147,287,1414,3801
CUST1043,2024-10-01,27,120,186,732,6911
CUST1043,2024-11-01,27,316,493,2029,9787
CUST1043,2024-12-01,30,212,239,627,9046
CUST1043,2025-01-01,35,395,476,2574,3487
CUST1043,2025-02-01,32,202,274,1120,3295
CUST1043,2025-03-01,26,149,214,679,1627
CUST1043,2025-04-01,23,98,176,648,10846
CUST1043,2025-05-01,38,218,295,806,14548
CUST1043,2025-06-01,28,84,133,301,1962
CUST1043,2025-07-01,28,205,282,1074,5656
CUST1043,2025-08-01,27,172,318,1696,2963
CUST1043,2025-09-01,28,118,197,994,9806
CUST1043,2025-10-01,27,117,205,483,8940
CUST1043,2025-11-01,25,215,311,1741,5063
CUST1043,2025-12-01,25,85,144,543,4370
CUST1012,2022-02-01,24,259,449,1925,9798
CUST1012,2022-03-01,22,206,330,823,6637
CUST1012,2022-04-01,22,104,172,740,1623
CUST1012,2022-05-01,25,203,257,1003,11339
CUST1012,2022-06-01,24,97,188,511,1404
CUST1012,2022-07-01,30,302,398,1919,13483
CUST1012,2022-08-01,15,104,189,836,3462
CUST1012,2022-09-01,29,98,183,383,7153
CUST1012,2022-10-01,29,195,365,1193,4806
CUST1012,2022-11-01,17,68,80,213,1951
CUST1012,2022-12-01,23,121,142,458,5365
CUST1012,2023-01-01,23,104,171,564,1431
CUST1012,2023-02-01,19,67,97,318,4479
CUST1012,2023-03-01,22,130,186,987,2297
CUST1012,2023-04-01,20,96,170,738,5436
CUST1012,2023-05-01,31,302,436,1072,2395
CUST1012,2023-06-01,28,201,294,1157,6534
CUST1012,2023-07-01,29,148,280,861,14023
CUST1012,2023-08-01,27,245,323,1362,10890
CUST1012,2023-09-01,20,114,167,390,6722
CUST1012,2023-10-01,23,111,218,761,11347
CUST1012,2023-11-01,26,260,411,1518,11964
CUST1012,2023-12-01,20,141,155,598,8464
CUST1012,2024-01-01,27,151,298,596,12692
CUST1012,2024-02-01,24,176,288,1543,5305
CUST1012,2024-03-01,23,141,235,1020,6431
CUST1012,2024-04-01,27,92,162,688,5002
CUST1012,2024-05-01,26,170,205,524,7810
CUST1012,2024-06-01,23,126,187,830,11059
CUST1012,2024-07-01,29,170,291,980,4860
CUST1012,2024-08-01,20,195,293,874,9847
CUST1012,2024-09-01,27,164,248,1090,1542
CUST1012,2024-10-01,27,249,418,839,7139
CUST1012,2024-11-01,23,255,434,1585,10416
CUST1012,2024-12-01,26,242,432,1793,10511
CUST1012,2025-01-01,20,176,205,435,8488
CUST1012,2025-02-01,28,253,431,1470,11641
CUST1012,2025-03-01,24,250,355,961,9494
CUST1012,2025-04-01,23,213,235,904,10840
CUST1012,2025-05-01,28,196,254,528,4942
CUST1012,2025-06-01,22,248,352,830,7173
CUST1012,2025-07-01,19,108,188,552,5172
CUST1012,2025-08-01,19,119,160,898,6994
CUST1012,2025-09-01,27,131,167,882,6162
CUST1012,2025-10-01,20,216,348,1383,5966
CUST1012,2025-11-01,31,277,445,2104,9433
CUST1012,2025-12-01,17,61,74,167,2836
CUST1034,2022-03-01,185,1979,3746,18413,32087
CUST1034,2022-04-01,152,1615,1810,10641,53957
CUST1034,2022-05-01,145,1236,2116,11706,7377
CUST1034,2022-06-01,135,923,1574,7240,58621
CUST1034,2022-07-01,156,921,1712,6210,16344
CUST1034,2022-08-01,147,1126,1740,7080,10225
CUST1034,2022-09-01,172,1632,1864,10575,49808
CUST1034,2022-10-01,150,876,1272,4246,66906
CUST1034,2022-11-01,151,1550,3086,8957,54404
CUST1034,2022-12-01,139,1615,3109,8666,27543
CUST1034,2023-01-01,146,520,864,1824,35679
CUST1034,2023-02-01,154,495,899,5160,65947
CUST1034,2023-03-01,110,574,876,5111,46709
CUST1034,2023-04-01,118,1226,1922,5664,9771
CUST1034,2023-05-01,164,1377,2058,4903,41148
CUST1034,2023-06-01,151,622,1229,6964,33193
CUST1034,2023-07-01,143,1574,2713,13919,11139
CUST1034,2023-08-01,148,1512,1737,7717,36160
CUST1034,2023-09-01,155,607,698,1541,67032
CUST1034,2023-10-01,136,899,1488,5422,59712
CUST1034,2023-11-01,130,1311,2178,8306,33656
CUST1034,2023-12-01,152,1041,1726,4151,52123
CUST1034,2024-01-01,126,1144,1285,5228,39629
CUST1034,2024-02-01,157,623,692,3358,49737
CUST1034,2024-03-01,110,1162,2223,5566,30690
CUST1034,2024-04-01,170,1053,1614,7236,22723
CUST1034,2024-05-01,158,669,762,1913,49459
CUST1034,2024-06-01,153,1165,1964,6738,47835
CUST1034,2024-07-01,169,1330,1637,6348,54333
CUST1034,2024-08-01,184,1034,2040,8304,63655
CUST1034,2024-09-01,170,731,960,5065,51297
CUST1034,2024-10-01,107,373,525,3100,36192
CUST1034,2024-11-01,119,572,664,1830,31425
CUST1034,2024-12-01,134,1236,1879,8962,58076
CUST1034,2025-01-01,148,1198,1679,5370,29286
CUST1034,2025-02-01,159,627,1184,6680,43433
CUST1034,2025-03-01,131,1477,2473,11803,34052
CUST1034,2025-04-01,152,747,1144,5803,63322
CUST1034,2025-05-01,131,1344,1933,6961,55247
CUST1034,2025-06-01,134,410,454,1557,40147
CUST1034,2025-07-01,116,496,742,3357,53443
CUST1034,2025-08-01,127,792,1566,4379,22586
CUST1034,2025-09-01,117,581,776,2092,50472
CUST1034,2025-10-01,126,656,837,2263,21143
CUST1034,2025-11-01,171,668,1234,3145,58942
CUST1034,2025-12-01,126,1381,1939,5508,32166
CUST1016,2022-05-01,135,1388,2352,13558,66108
CUST1016,2022-06-01,104,1245,2357,12995,8259
CUST1016,2022-07-01,99,425,820,4247,13489
CUST1016,2022-08-01,84,537,771,3391,41129
CUST1016,2022-09-01,107,556,634,2830,14455
CUST1016,2022-10-01,88,688,1245,4121,6509
CUST1016,2022-11-01,98,995,1876,10141,47605
CUST1016,2022-12-01,134,1470,1893,4402,35081
CUST1016,2023-01-01,95,852,986,3977,36868
CUST1016,2023-02-01,113,995,1550,6191,29257
CUST1016,2023-03-01,86,507,728,3478,31995
CUST1016,2023-04-01,96,715,959,3456,44595
CUST1016,2023-05-01,122,1007,1140,3281,17244
CUST1016,2023-06-01,87,936,1363,4394,39142
CUST1016,2023-07-01,123,1001,1943,6793,36623
CUST1016,2023-08-01,107,450,529,1998,22278
CUST1016,2023-09-01,88,726,1102,4941,21273
CUST1016,2023-10-01,106,764,1121,5849,20421
CUST1016,2023-11-01,111,714,900,2641,37785
CUST1016,2023-12-01,106,660,774,4156,29760
CUST1016,2024-01-01,74,650,1174,6699,6977
CUST1016,2024-02-01,86,313,355,994,11910
CUST1016,2024-03-01,93,554,760,3999,33256
CUST1016,2024-04-01,95,519,900,5392,47431
CUST1016,2024-05-01,106,1035,1827,10321,5707
CUST1016,2024-06-01,99,563,1035,5312,22939
CUST1016,2024-07-01,77,512,830,3835,20204
CUST1016,2024-08-01,102,776,1385,3597,23345
CUST1016,2024-09-01,105,529,938,3656,29622
CUST1016,2024-10-01,105,1057,1883,9207,27051
CUST1016,2024-11-01,112,1134,1566,4308,44414
CUST1016,2024-12-01,109,1011,1302,4947,32841
CUST1016,2025-01-01,103,656,1062,2669,48874
CUST1016,2025-02-01,95,293,536,2860,19277
CUST1016,2025-03-01,72,487,836,3020,28828
CUST1016,2025-04-01,103,807,1124,2352,41551
CUST1016,2025-05-01,100,1129,1398,8123,19861
CUST1016,2025-06-01,100,866,1422,6301,44012
CUST1016,2025-07-01,78,922,1183,4214,22660
CUST1016,2025-08-01,81,380,455,1946,20508
CUST1016,2025-09-01,112,1237,1464,3538,33466
CUST1016,2025-10-01,96,315,541,2139,12865
CUST1016,2025-11-01,106,384,755,2367,16415
CUST1016,2025-12-01,97,866,1007,2245,27483
CUST1040,2022-05-01,46,273,523,1864,22784
CUST1040,2022-06-01,52,216,318,1581,11702
CUST1040,2022-07-01,42,467,600,3289,7954
CUST1040,2022-08-01,46,476,808,2129,14204
CUST1040,2022-09-01,42,243,311,1513,10774
CUST1040,2022-10-01,43,207,412,1558,18105
CUST1040,2022-11-01,43,363,479,1588,13164
CUST1040,2022-12-01,47,348,527,1136,4276
CUST1040,2023-01-01,42,370,712,2411,18025
CUST1040,2023-02-01,54,547,794,4203,23351
CUST1040,2023-03-01,39,262,330,1475,9532
CUST1040,2023-04-01,44,284,480,2301,4091
CUST1040,2023-05-01,42,390,444,2460,5084
CUST1040,2023-06-01,55,601,951,4437,4401
CUST1040,2023-07-01,47,448,856,4823,11048
CUST1040,2023-08-01,53,522,631,2192,20666
CUST1040,2023-09-01,35,263,473,1721,4346
CUST1040,2023-10-01,47,228,259,545,15862
CUST1040,2023-11-01,52,472,715,2412,11944
CUST1040,2023-12-01,46,218,247,741,16978
CUST1040,2024-01-01,53,224,381,1469,13653
CUST1040,2024-02-01,42,157,265,1286,10372
CUST1040,2024-03-01,55,398,537,1420,23502
CUST1040,2024-04-01,61,516,649,1620,23402
CUST1040,2024-05-01,43,194,330,674,7437
CUST1040,2024-06-01,42,292,367,1782,18971
CUST1040,2024-07-01,56,436,653,1430,18796
CUST1040,2024-08-01,56,431,731,3391,5390
CUST1040,2024-09-01,42,386,578,2539,3019
CUST1040,2024-10-01,43,275,352,1055,19734
CUST1040,2024-11-01,44,211,235,496,2488
CUST1040,2024-12-01,36,373,638,1437,17331
CUST1040,2025-01-01,39,150,277,1289,14656
CUST1040,2025-02-01,39,132,206,1084,7613
CUST1040,2025-03-01,40,345,573,3287,9111
CUST1040,2025-04-01,45,308,403,976,8798
CUST1040,2025-05-01,47,147,248,507,6850
CUST1040,2025-06-01,56,278,470,1463,18522
CUST1040,2025-07-01,39,132,250,911,15420
CUST1040,2025-08-01,52,389,774,3753,21115
CUST1040,2025-09-01,44,497,801,2409,4075
CUST1040,2025-10-01,45,266,443,1574,20972
CUST1040,2025-11-01,50,497,606,1637,19638
CUST1040,2025-12-01,38,349,691,3223,3054
CUST1011,2022-06-01,7,59,95,335,2367
CUST1011,2022-07-01,7,35,57,339,1082
CUST1011,2022-08-01,7,59,112,362,2674
CUST1011,2022-09-01,7,68,112,250,1529
CUST1011,2022-10-01,9,51,63,177,603
CUST1011,2022-11-01,6,67,109,630,2295
CUST1011,2022-12-01,6,35,47,214,2353
CUST1011,2023-01-01,6,46,91,417,1078
CUST1011,2023-02-01,6,19,35,116,954
CUST1011,2023-03-01,6,47,90,419,970
CUST1011,2023-04-01,8,73,127,562,1773
CUST1011,2023-05-01,8,47,70,141,3531
CUST1011,2023-06-01,6,21,26,117,682
CUST1011,2023-07-01,6,29,34,148,2544
CUST1011,2023-08-01,7,79,103,238,2633
CUST1011,2023-09-01,6,34,59,175,776
CUST1011,2023-10-01,7,36,48,182,2352
CUST1011,2023-11-01,7,38,68,157,3413
CUST1011,2023-12-01,5,32,40,150,1386
CUST1011,2024-01-01,8,76,135,712,3256
CUST1011,2024-02-01,8,25,36,194,3131
CUST1011,2024-03-01,6,67,109,284,2261
CUST1011,2024-04-01,6,31,47,179,1312
CUST1011,2024-05-01,7,59,68,173,1828
CUST1011,2024-06-01,7,30,38,77,1927
CUST1011,2024-07-01,7,66,101,575,3311
CUST1011,2024-08-01,9,105,150,593,3046
CUST1011,2024-09-01,6,49,71,153,2788
CUST1011,2024-10-01,6,38,61,169,1478
CUST1011,2024-11-01,5,26,49,239,1396
CUST1011,2024-12-01,6,44,75,358,2057
CUST1011,2025-01-01,6,68,119,353,393
CUST1011,2025-02-01,8,82,136,639,2910
CUST1011,2025-03-01,6,52,69,263,2138
CUST1011,2025-04-01,7,37,60,348,3000
CUST1011,2025-05-01,6,18,32,146,2775
CUST1011,2025-06-01,8,52,84,470,2266
CUST1011,2025-07-01,9,42,62,329,1474
CUST1011,2025-08-01,6,34,67,310,1333
CUST1011,2025-09-01,6,34,49,269,2264
CUST1011,2025-10-01,8,30,50,255,1639
CUST1011,2025-11-01,7,29,51,291,1603
CUST1011,2025-12-01,8,46,91,479,405
CUST1017,2022-06-01,21,209,308,1129,3774
CUST1017,2022-07-01,18,123,154,422,1988
CUST1017,2022-08-01,21,154,239,583,6409
CUST1017,2022-09-01,23,113,144,719,9524
CUST1017,2022-10-01,22,103,204,1119,5463
CUST1017,2022-11-01,21,235,281,1277,1804
CUST1017,2022-12-01,23,86,104,234,1457
CUST1017,2023-01-01,23,117,179,902,1248
CUST1017,2023-02-01,24,129,252,1174,9723
CUST1017,2023-03-01,21,70,90,465,4600
CUST1017,2023-04-01,19,145,285,873,5104
CUST1017,2023-05-01,20,196,322,1077,7136
CUST1017,2023-06-01,23,140,193,570,4888
CUST1017,2023-07-01,17,111,183,1079,7529
CUST1017,2023-08-01,21,215,237,1299,4847
CUST1017,2023-09-01,18,189,365,767,1895
CUST1017,2023-10-01,20,155,303,1516,3236
CUST1017,2023-11-01,23,162,278,1523,6479
CUST1017,2023-12-01,20,178,196,892,9477
CUST1017,2024-01-01,20,117,195,1071,9726
CUST1017,2024-02-01,15,144,246,721,4020
CUST1017,2024-03-01,22,212,384,1303,10396
CUST1017,2024-04-01,21,240,366,1695,7660
CUST1017,2024-05-01,26,101,146,646,9629
CUST1017,2024-06-01,19,205,387,1988,7077
CUST1017,2024-07-01,20,65,100,234,8491
CUST1017,2024-08-01,20,239,475,1836,9067
CUST1017,2024-09-01,24,278,426,1773,3828
CUST1017,2024-10-01,19,86,167,801,1851
CUST1017,2024-11-01,20,238,268,1531,3938
CUST1017,2024-12-01,21,135,182,887,7343
CUST1017,2025-01-01,20,231,393,1832,9304
CUST1017,2025-02-01,18,156,240,1243,3595
CUST1017,2025-03-01,20,100,161,916,1582
CUST1017,2025-04-01,23,140,268,1332,8654
CUST1017,2025-05-01,16,142,256,1501,3946
CUST1017,2025-06-01,20,102,135,427,2002
CUST1017,2025-07-01,17,103,168,462,8056
CUST1017,2025-08-01,23,187,227,738,5085
CUST1017,2025-09-01,15,144,198,863,2031
CUST1017,2025-10-01,18,116,171,869,7359
CUST1017,2025-11-01,21,239,290,1349,6632
CUST1017,2025-12-01,24,95,105,567,4612
CUST1036,2022-06-01,77,811,1256,4801,24690
CUST1036,2022-07-01,71,306,519,2701,26009
CUST1036,2022-08-01,100,838,1154,6879,10555
CUST1036,2022-09-01,61,730,1267,4957,25797
CUST1036,2022-10-01,52,387,670,2349,25558
CUST1036,2022-11-01,83,497,917,2606,31514
CUST1036,2022-12-01,72,741,1282,2833,31639
CUST1036,2023-01-01,66,304,467,1665,32536
CUST1036,2023-02-01,86,768,1431,8534,25505
CUST1036,2023-03-01,80,482,824,4912,31277
CUST1036,2023-04-01,71,462,727,2277,25799
CUST1036,2023-05-01,63,299,559,1998,6861
CUST1036,2023-06-01,88,859,1393,7271,38052
CUST1036,2023-07-01,85,797,1204,3196,9511
CUST1036,2023-08-01,76,704,958,2470,11260
CUST1036,2023-09-01,99,963,1696,3453,37291
CUST1036,2023-10-01,65,531,908,5406,7567
CUST1036,2023-11-01,60,693,1028,5516,28001
CUST1036,2023-12-01,69,266,525,1427,5079
CUST1036,2024-01-01,77,910,1533,6704,37451
CUST1036,2024-02-01,80,691,1011,2159,12670
CUST1036,2024-03-01,75,554,952,5538,25781
CUST1036,2024-04-01,82,523,900,4663,28399
CUST1036,2024-05-01,63,629,1181,5434,10952
CUST1036,2024-06-01,94,834,1193,2958,8195
CUST1036,2024-07-01,77,570,970,3917,4647
CUST1036,2024-08-01,91,742,1198,3707,35072
CUST1036,2024-09-01,82,832,1050,4133,27885
CUST1036,2024-10-01,83,572,923,2213,6521
CUST1036,2024-11-01,84,939,1704,4668,34926
CUST1036,2024-12-01,83,263,420,1741,34485
CUST1036,2025-01-01,85,628,984,4269,31550
CUST1036,2025-02-01,93,940,1138,5703,45063
CUST1036,2025-03-01,80,886,1118,4915,10477
CUST1036,2025-04-01,86,687,1250,3115,9285
CUST1036,2025-05-01,76,369,459,1950,32919
CUST1036,2025-06-01,94,311,616,2479,20078
CUST1036,2025-07-01,70,552,817,4723,3502
CUST1036,2025-08-01,99,564,1100,4485,39823
CUST1036,2025-09-01,77,687,1030,4437,27935
CUST1036,2025-10-01,61,469,932,3176,17823
CUST1036,2025-11-01,79,386,458,2417,12378
CUST1036,2025-12-01,70,328,449,2393,33658
CUST1042,2022-08-01,176,1402,2288,7114,66545
CUST1042,2022-09-01,141,958,1527,4646,48277
CUST1042,2022-10-01,146,652,984,5686,51747
CUST1042,2022-11-01,112,1283,1576,4436,37330
CUST1042,2022-12-01,146,791,1320,6048,54239
CUST1042,2023-01-01,99,799,1344,5437,12258
CUST1042,2023-02-01,119,1236,1711,8813,26242
CUST1042,2023-03-01,174,2031,2686,8274,50314
CUST1042,2023-04-01,175,1602,2348,7789,15756
CUST1042,2023-05-01,167,1867,3361,8689,68327
CUST1042,2023-06-01,134,732,869,5142,20100
CUST1042,2023-07-01,155,1792,3233,8063,44471
CUST1042,2023-08-01,156,1697,2766,14458,14506
CUST1042,2023-09-01,129,792,1279,4000,22184
CUST1042,2023-10-01,192,747,853,2791,74561
CUST1042,2023-11-01,177,818,1493,7033,71673
CUST1042,2023-12-01,151,1202,2276,8217,47797
CUST1042,2024-01-01,157,837,1437,6973,54306
CUST1042,2024-02-01,161,689,1109,3404,74591
CUST1042,2024-03-01,108,945,1354,6919,38361
CUST1042,2024-04-01,151,1021,1543,5795,31604
CUST1042,2024-05-01,140,1010,1371,7966,39797
CUST1042,2024-06-01,133,1259,2431,7086,44692
CUST1042,2024-07-01,150,567,779,3959,64554
CUST1042,2024-08-01,199,1733,2025,5994,18334
CUST1042,2024-09-01,172,1406,1653,5196,80550
CUST1042,2024-10-01,143,1469,1630,9443,50717
CUST1042,2024-11-01,170,1936,2367,9447,60911
CUST1042,2024-12-01,189,1718,2713,6779,10632
CUST1042,2025-01-01,178,838,1548,3141,42940
CUST1042,2025-02-01,158,1233,1739,10393,54909
CUST1042,2025-03-01,141,1591,3180,18379,50454
CUST1042,2025-04-01,173,584,878,2347,81064
CUST1042,2025-05-01,166,1638,3134,8459,35718
CUST1042,2025-06-01,178,747,1059,2333,48590
CUST1042,2025-07-01,171,775,1528,5121,60803
CUST1042,2025-08-01,181,1897,3539,19221,32675
CUST1042,2025-09-01,144,1058,1415,2842,48100
CUST1042,2025-10-01,188,1230,2374,13570,90542
CUST1042,2025-11-01,161,1230,2342,13446,72711
CUST1042,2025-12-01,205,2180,2510,5079,52717
CUST1057,2022-09-01,70,432,477,2652,9363
CUST1057,2022-10-01,99,612,729,2892,8725
CUST1057,2022-11-01,81,617,764,1906,21816
CUST1057,2022-12-01,71,312,527,1530,16181
CUST1057,2023-01-01,73,415,616,1680,30309
CUST1057,2023-02-01,75,298,445,2384,9211
CUST1057,2023-03-01,84,519,773,2656,37105
CUST1057,2023-04-01,85,406,515,1112,19341
CUST1057,2023-05-01,72,698,1333,3520,10047
CUST1057,2023-06-01,78,570,968,2965,18680
CUST1057,2023-07-01,104,826,1503,7300,20404
CUST1057,2023-08-01,99,978,1851,7417,46094
CUST1057,2023-09-01,84,889,1289,3143,8277
CUST1057,2023-10-01,79,252,312,1248,31230
CUST1057,2023-11-01,80,410,701,2361,39151
CUST1057,2023-12-01,86,828,1234,3896,23105
CUST1057,2024-01-01,66,649,858,2239,18483
CUST1057,2024-02-01,75,393,703,3836,37306
CUST1057,2024-03-01,59,308,566,1581,21706
CUST1057,2024-04-01,83,854,1478,5925,10917
CUST1057,2024-05-01,86,1026,1674,7596,13177
CUST1057,2024-06-01,73,305,346,2062,34170
CUST1057,2024-07-01,97,663,1097,2593,7074
CUST1057,2024-08-01,64,426,586,2656,9865
CUST1057,2024-09-01,61,367,561,2266,20724
CUST1057,2024-10-01,81,464,622,1942,16844
CUST1057,2024-11-01,91,615,853,1868,6224
CUST1057,2024-12-01,98,339,600,1708,25717
CUST1057,2025-01-01,73,815,970,2657,34802
CUST1057,2025-02-01,91,570,783,1869,5109
CUST1057,2025-03-01,78,621,1164,3870,29919
CUST1057,2025-04-01,76,475,855,3518,16508
CUST1057,2025-05-01,89,787,1014,3585,39982
CUST1057,2025-06-01,86,358,633,1570,26999
CUST1057,2025-07-01,60,672,1134,3131,22025
CUST1057,2025-08-01,96,1087,1268,5308,19613
CUST1057,2025-09-01,95,905,1801,5057,35562
CUST1057,2025-10-01,71,240,305,1281,11618
CUST1057,2025-11-01,83,904,1688,9498,40570
CUST1057,2025-12-01,84,928,1395,6792,38630
CUST1022,2022-09-01,20,146,229,1330,8117
CUST1022,2022-10-01,18,81,109,639,3246
CUST1022,2022-11-01,17,197,227,1337,2304
CUST1022,2022-12-01,19,196,302,1247,5340
CUST1022,2023-01-01,23,84,125,504,6971
CUST1022,2023-02-01,21,136,223,630,1084
CUST1022,2023-03-01,18,146,238,484,8421
CUST1022,2023-04-01,22,167,259,1264,3662
CUST1022,2023-05-01,11,117,159,488,1139
CUST1022,2023-06-01,23,115,181,573,7770
CUST1022,2023-07-01,14,160,215,544,6202
CUST1022,2023-08-01,18,62,122,726,2600
CUST1022,2023-09-01,16,64,107,484,7799
CUST1022,2023-10-01,16,94,183,1013,2701
CUST1022,2023-11-01,23,96,183,581,11347
CUST1022,2023-12-01,18,155,171,585,6816
CUST1022,2024-01-01,21,115,152,313,7261
CUST1022,2024-02-01,19,205,398,1724,7128
CUST1022,2024-03-01,21,193,376,1139,6967
CUST1022,2024-04-01,20,168,215,810,3918
CUST1022,2024-05-01,16,77,128,695,3647
CUST1022,2024-06-01,22,154,270,1008,2568
CUST1022,2024-07-01,18,131,202,775,7506
CUST1022,2024-08-01,15,68,109,629,1967
CUST1022,2024-09-01,18,99,136,753,7521
CUST1022,2024-10-01,24,220,279,718,5805
CUST1022,2024-11-01,22,156,262,945,8270
CUST1022,2024-12-01,18,76,134,274,1707
CUST1022,2025-01-01,18,116,139,285,7627
CUST1022,2025-02-01,19,216,263,1336,3238
CUST1022,2025-03-01,26,297,486,2512,1409
CUST1022,2025-04-01,21,212,336,1771,9108
CUST1022,2025-05-01,21,79,96,483,9483
CUST1022,2025-06-01,23,237,326,1276,3673
CUST1022,2025-07-01,20,157,210,876,1190
CUST1022,2025-08-01,19,64,101,243,8529
CUST1022,2025-09-01,19,128,140,405,2888
CUST1022,2025-10-01,19,122,172,541,8830
CUST1022,2025-11-01,19,174,298,1448,8658
CUST1022,2025-12-01,22,163,324,938,10569
CUST1048,2022-09-01,75,466,770,1904,34912
CUST1048,2022-10-01,83,936,1784,7881,10800
CUST1048,2022-11-01,74,575,942,4444,8702
CUST1048,2022-12-01,75,675,925,4874,15508
CUST1048,2023-01-01,52,204,392,1821,24429
CUST1048,2023-02-01,85,875,1522,3508,4333
CUST1048,2023-03-01,78,889,1096,5067,15140
CUST1048,2023-04-01,86,560,979,5034,22815
CUST1048,2023-05-01,42,151,244,1424,7363
CUST1048,2023-06-01,98,373,744,2029,21879
CUST1048,2023-07-01,73,428,634,3026,17248
CUST1048,2023-08-01,87,882,1234,6427,29952
CUST1048,2023-09-01,63,328,484,1930,18282
CUST1048,2023-10-01,81,631,1160,4104,25226
CUST1048,2023-11-01,63,428,693,3308,24363
CUST1048,2023-12-01,67,624,818,1645,33316
CUST1048,2024-01-01,96,302,483,2816,44583
CUST1048,2024-02-01,72,254,359,1936,31683
CUST1048,2024-03-01,77,798,1089,2805,33417
CUST1048,2024-04-01,84,986,1894,5625,35491
CUST1048,2024-05-01,80,280,342,2000,29342
CUST1048,2024-06-01,76,486,546,3199,16511
CUST1048,2024-07-01,79,735,1246,2859,33720
CUST1048,2024-08-01,102,1105,1245,4308,8725
CUST1048,2024-09-01,74,273,440,2312,8685
CUST1048,2024-10-01,77,357,631,3150,28055
CUST1048,2024-11-01,86,489,719,2408,34540
CUST1048,2024-12-01,87,805,1093,2867,38847
CUST1048,2025-01-01,88,289,513,2058,4830
CUST1048,2025-02-01,82,860,1472,8101,24548
CUST1048,2025-03-01,62,648,1248,5001,22890
CUST1048,2025-04-01,93,633,785,4625,26474
CUST1048,2025-05-01,62,731,886,2522,20371
CUST1048,2025-06-01,78,387,489,2437,23531
CUST1048,2025-07-01,66,697,1278,4950,12601
CUST1048,2025-08-01,74,649,1197,3183,30451
CUST1048,2025-09-01,78,687,876,2131,6631
CUST1048,2025-10-01,78,657,1223,2583,13805
CUST1048,2025-11-01,79,622,720,3159,30844
CUST1048,2025-12-01,93,537,857,3902,6004
CUST1015,2022-10-01,75,282,454,989,37044
CUST1015,2022-11-01,68,500,571,1354,12843
CUST1015,2022-12-01,81,957,1700,9919,22282
CUST1015,2023-01-01,83,483,701,2399,8987
CUST1015,2023-02-01,57,517,722,4033,15766
CUST1015,2023-03-01,77,579,1040,2178,31433
CUST1015,2023-04-01,78,568,1068,2295,9558
CUST1015,2023-05-01,67,612,716,3224,32077
CUST1015,2023-06-01,85,432,559,2641,9637
CUST1015,2023-07-01,69,653,1302,5216,34260
CUST1015,2023-08-01,72,610,958,4861,18098
CUST1015,2023-09-01,69,288,392,1761,32641
CUST1015,2023-10-01,71,238,414,1958,11189
CUST1015,2023-11-01,59,706,1162,6776,18001
CUST1015,2023-12-01,55,657,780,1606,21716
CUST1015,2024-01-01,87,503,946,4909,39394
CUST1015,2024-02-01,61,456,688,1843,11164
CUST1015,2024-03-01,60,216,349,1191,4920
CUST1015,2024-04-01,48,451,683,4060,23535
CUST1015,2024-05-01,64,631,945,5383,30267
CUST1015,2024-06-01,56,657,1011,3491,10022
CUST1015,2024-07-01,88,587,973,4594,21856
CUST1015,2024-08-01,81,616,1023,3329,7093
CUST1015,2024-09-01,63,423,636,3504,31251
CUST1015,2024-10-01,94,318,629,1401,38141
CUST1015,2024-11-01,81,753,1208,3162,7888
CUST1015,2024-12-01,67,427,688,3725,10074
CUST1015,2025-01-01,44,478,813,2760,11476
CUST1015,2025-02-01,95,742,1362,3318,12456
CUST1015,2025-03-01,56,222,435,1560,13714
CUST1015,2025-04-01,53,350,405,1364,17064
CUST1015,2025-05-01,81,398,703,1727,20619
CUST1015,2025-06-01,96,758,1480,3821,14021
CUST1015,2025-07-01,85,689,1370,6982,6636
CUST1015,2025-08-01,77,791,1432,8469,11245
CUST1015,2025-09-01,77,377,422,2124,18504
CUST1015,2025-10-01,80,421,529,1357,13860
CUST1015,2025-11-01,79,295,556,2115,18871
CUST1015,2025-12-01,73,359,683,1868,5415
CUST1010,2022-10-01,113,686,1219,3240,23410
CUST1010,2022-11-01,110,744,1136,5402,13454
CUST1010,2022-12-01,99,917,1301,6207,22286
CUST1010,2023-01-01,107,330,595,2611,9096
CUST1010,2023-02-01,83,747,1236,4072,40990
CUST1010,2023-03-01,110,1259,2226,11011,21167
CUST1010,2023-04-01,95,413,624,1616,41698
CUST1010,2023-05-01,93,374,737,2672,26440
CUST1010,2023-06-01,115,348,523,2787,12255
CUST1010,2023-07-01,135,950,1873,4476,20031
CUST1010,2023-08-01,127,1500,2217,9276,15842
CUST1010,2023-09-01,85,543,767,4455,41419
CUST1010,2023-10-01,95,778,865,4545,5442
CUST1010,2023-11-01,127,1405,2180,11926,46315
CUST1010,2023-12-01,95,839,1267,4613,19807
CUST1010,2024-01-01,108,851,1336,6760,10910
CUST1010,2024-02-01,121,554,822,2225,38441
CUST1010,2024-03-01,95,749,1081,5816,34185
CUST1010,2024-04-01,113,783,1060,4750,52693
CUST1010,2024-05-01,89,953,1902,9935,8607
CUST1010,2024-06-01,101,893,1477,5383,27611
CUST1010,2024-07-01,117,1142,2209,5298,29232
CUST1010,2024-08-01,85,699,789,2492,20339
CUST1010,2024-09-01,119,595,897,3161,16422
CUST1010,2024-10-01,111,802,972,5706,51205
CUST1010,2024-11-01,121,812,1492,7184,46405
CUST1010,2024-12-01,115,352,505,1462,20426
CUST1010,2025-01-01,134,1462,1956,10472,54646
CUST1010,2025-02-01,114,767,1010,5656,26966
CUST1010,2025-03-01,104,326,403,1409,43421
CUST1010,2025-04-01,114,1183,1940,6480,54904
CUST1010,2025-05-01,121,1444,1902,11210,16540
CUST1010,2025-06-01,112,985,1818,9463,34723
CUST1010,2025-07-01,112,465,777,4591,14355
CUST1010,2025-08-01,100,1113,1742,6531,9481
CUST1010,2025-09-01,100,1021,1586,7177,40292
CUST1010,2025-10-01,88,931,1549,4710,26295
CUST1010,2025-11-01,141,1626,2086,4950,34804
CUST1010,2025-12-01,91,788,1287,2717,33525
CUST1024,2022-10-01,20,162,181,893,9850
CUST1024,2022-11-01,20,174,313,859,6872
CUST1024,2022-12-01,26,129,164,879,9797
CUST1024,2023-01-01,21,215,309,939,1539
CUST1024,2023-02-01,27,101,124,259,13315
CUST1024,2023-03-01,20,216,259,1478,2104
CUST1024,2023-04-01,23,98,130,353,1950
CUST1024,2023-05-01,20,212,407,1152,1906
CUST1024,2023-06-01,30,304,447,1763,9946
CUST1024,2023-07-01,18,88,130,722,6031
CUST1024,2023-08-01,24,169,210,670,10959
CUST1024,2023-09-01,25,223,371,2010,2568
CUST1024,2023-10-01,24,146,206,1231,7679
CUST1024,2023-11-01,22,66,103,310,2303
CUST1024,2023-12-01,22,186,294,1197,8633
CUST1024,2024-01-01,23,113,161,900,1455
CUST1024,2024-02-01,22,93,109,519,2353
CUST1024,2024-03-01,26,142,181,428,9584
CUST1024,2024-04-01,30,266,404,2115,7386
CUST1024,2024-05-01,21,241,465,1395,2919
CUST1024,2024-06-01,18,191,333,1947,1733
CUST1024,2024-07-01,22,223,363,966,3137
CUST1024,2024-08-01,31,294,438,1657,9868
CUST1024,2024-09-01,20,108,149,362,4447
CUST1024,2024-10-01,28,134,189,1056,11723
CUST1024,2024-11-01,28,197,374,2181,4588
CUST1024,2024-12-01,21,140,230,1267,10031
CUST1024,2025-01-01,24,186,271,666,9937
CUST1024,2025-02-01,28,192,243,724,4111
CUST1024,2025-03-01,21,133,163,531,1141
CUST1024,2025-04-01,22,202,352,1004,6717
CUST1024,2025-05-01,20,117,153,346,3552
CUST1024,2025-06-01,19,93,120,509,7074
CUST1024,2025-07-01,20,230,420,1967,6165
CUST1024,2025-08-01,18,158,270,1010,7488
CUST1024,2025-09-01,23,110,125,496,1634
CUST1024,2025-10-01,20,109,131,499,6412
CUST1024,2025-11-01,23,191,250,521,1334
CUST1024,2025-12-01,17,170,275,555,4382
CUST1038,2022-12-01,37,391,571,3188,17135
CUST1038,2023-01-01,40,134,225,512,3712
CUST1038,2023-02-01,25,255,446,1382,9729
CUST1038,2023-03-01,38,250,400,1301,12370
CUST1038,2023-04-01,42,274,473,1806,18139
CUST1038,2023-05-01,29,339,409,1429,9514
CUST1038,2023-06-01,45,146,166,338,4378
CUST1038,2023-07-01,38,224,385,1440,4810
CUST1038,2023-08-01,32,151,288,1000,14601
CUST1038,2023-09-01,35,416,807,4415,5840
CUST1038,2023-10-01,39,392,470,2720,3266
CUST1038,2023-11-01,36,214,353,1853,6172
CUST1038,2023-12-01,38,172,210,806,4059
CUST1038,2024-01-01,31,333,591,3280,15023
CUST1038,2024-02-01,36,241,362,901,10346
CUST1038,2024-03-01,28,229,388,2291,5456
CUST1038,2024-04-01,35,335,436,1332,6415
CUST1038,2024-05-01,31,116,185,1015,10749
CUST1038,2024-06-01,32,307,394,910,15593
CUST1038,2024-07-01,42,148,164,469,17569
CUST1038,2024-08-01,41,192,229,649,12945
CUST1038,2024-09-01,39,302,565,2848,7422
CUST1038,2024-10-01,30,212,262,1052,13840
CUST1038,2024-11-01,34,168,239,1410,14978
CUST1038,2024-12-01,42,320,576,1585,7351
CUST1038,2025-01-01,36,161,221,1210,12303
CUST1038,2025-02-01,48,207,390,1942,7596
CUST1038,2025-03-01,38,419,531,1122,13218
CUST1038,2025-04-01,37,261,349,1991,3249
CUST1038,2025-05-01,34,234,289,1158,9471
CUST1038,2025-06-01,36,125,168,401,12307
CUST1038,2025-07-01,35,335,495,1572,8092
CUST1038,2025-08-01,39,325,512,2034,9559
CUST1038,2025-09-01,41,374,628,3664,6101
CUST1038,2025-10-01,31,107,121,370,2468
CUST1038,2025-11-01,28,109,142,636,10419
CUST1038,2025-12-01,26,169,201,992,11590
CUST1041,2023-01-01,76,566,709,1995,25581
CUST1041,2023-02-01,59,551,748,1505,7863
CUST1041,2023-03-01,48,536,889,4406,20815
CUST1041,2023-04-01,75,689,863,4078,9374
CUST1041,2023-05-01,97,580,875,5117,33922
CUST1041,2023-06-01,70,479,535,3155,31259
CUST1041,2023-07-01,79,358,638,1300,16468
CUST1041,2023-08-01,71,515,566,3108,18648
CUST1041,2023-09-01,69,235,262,1236,12474
CUST1041,2023-10-01,80,404,627,3147,31909
CUST1041,2023-11-01,67,261,475,1587,18143
CUST1041,2023-12-01,73,449,714,3322,11978
CUST1041,2024-01-01,74,527,972,3114,14813
CUST1041,2024-02-01,63,482,818,4466,27068
CUST1041,2024-03-01,81,596,800,3261,27370
CUST1041,2024-04-01,69,298,437,1259,34316
CUST1041,2024-05-01,62,385,434,1870,22512
CUST1041,2024-06-01,76,522,671,1581,35286
CUST1041,2024-07-01,61,390,466,1442,20258
CUST1041,2024-08-01,71,561,1077,6407,31541
CUST1041,2024-09-01,70,320,614,2084,13932
CUST1041,2024-10-01,82,680,1326,4117,11132
CUST1041,2024-11-01,76,624,1080,5763,8005
CUST1041,2024-12-01,70,711,1144,5914,14430
CUST1041,2025-01-01,79,315,348,1986,9180
CUST1041,2025-02-01,85,775,1217,3844,25598
CUST1041,2025-03-01,76,339,521,1176,13879
CUST1041,2025-04-01,71,503,651,3451,7493
CUST1041,2025-05-01,57,421,465,1585,24244
CUST1041,2025-06-01,59,203,248,1367,23798
CUST1041,2025-07-01,67,503,987,4187,32103
CUST1041,2025-08-01,64,602,739,3644,15643
CUST1041,2025-09-01,69,777,1058,2252,32417
CUST1041,2025-10-01,71,371,634,2247,16301
CUST1041,2025-11-01,76,846,1610,9146,24218
CUST1041,2025-12-01,70,319,476,2619,28837
CUST1018,2023-03-01,40,365,467,1187,11977
CUST1018,2023-04-01,38,216,254,1083,12644
CUST1018,2023-05-01,26,205,294,1618,6411
CUST1018,2023-06-01,32,135,202,657,15062
CUST1018,2023-07-01,37,348,529,1962,8851
CUST1018,2023-08-01,31,207,232,982,14907
CUST1018,2023-09-01,41,278,494,2203,7629
CUST1018,2023-10-01,46,238,371,930,13545
CUST1018,2023-11-01,44,355,484,2430,9974
CUST1018,2023-12-01,36,238,263,1375,15973
CUST1018,2024-01-01,46,328,376,834,19478
CUST1018,2024-02-01,38,336,470,1123,6868
CUST1018,2024-03-01,36,263,367,823,13795
CUST1018,2024-04-01,34,308,543,1201,4837
CUST1018,2024-05-01,36,154,272,1082,5421
CUST1018,2024-06-01,35,317,591,1893,6646
CUST1018,2024-07-01,38,452,499,1965,13660
CUST1018,2024-08-01,38,153,168,741,3969
CUST1018,2024-09-01,38,147,188,732,16139
CUST1018,2024-10-01,40,279,320,795,9282
CUST1018,2024-11-01,44,521,957,5136,13025
CUST1018,2024-12-01,43,446,764,4154,14092
CUST1018,2025-01-01,29,199,332,909,12132
CUST1018,2025-02-01,23,205,257,1276,6808
CUST1018,2025-03-01,43,313,426,1989,20708
CUST1018,2025-04-01,30,223,379,1351,10918
CUST1018,2025-05-01,36,142,209,773,2253
CUST1018,2025-06-01,31,220,353,721,5773
CUST1018,2025-07-01,27,237,451,2020,1867
CUST1018,2025-08-01,41,457,898,3476,15390
CUST1018,2025-09-01,42,230,456,1564,18275
CUST1018,2025-10-01,34,255,360,1736,7676
CUST1018,2025-11-01,23,81,136,463,8593
CUST1018,2025-12-01,34,205,357,1837,5958
CUST1005,2023-05-01,209,1865,3601,8184,89388
CUST1005,2023-06-01,154,1132,2225,9841,20199
CUST1005,2023-07-01,203,1903,2961,13726,33830
CUST1005,2023-08-01,197,1828,2979,12877,61665
CUST1005,2023-09-01,215,2250,2611,5530,81655
CUST1005,2023-10-01,201,1022,1736,6940,71494
CUST1005,2023-11-01,169,999,1307,6648,78208
CUST1005,2023-12-01,233,2367,2828,15619,87997
CUST1005,2024-01-01,193,1246,2462,14007,15028
CUST1005,2024-02-01,197,1035,1173,5864,48991
CUST1005,2024-03-01,170,1082,1804,3820,21816
CUST1005,2024-04-01,184,730,1098,2781,61976
CUST1005,2024-05-01,171,1369,1747,6925,60787
CUST1005,2024-06-01,192,965,1706,6374,55264
CUST1005,2024-07-01,248,2507,2951,6188,119517
CUST1005,2024-08-01,157,606,684,1752,8219
CUST1005,2024-09-01,150,1495,2409,13148,30498
CUST1005,2024-10-01,241,2203,4322,21234,69328
CUST1005,2024-11-01,191,899,1156,6138,52598
CUST1005,2024-12-01,178,1105,2110,11422,73107
CUST1005,2025-01-01,228,1584,2634,14476,69795
CUST1005,2025-02-01,180,746,1167,2805,49395
CUST1005,2025-03-01,252,872,1383,2890,105738
CUST1005,2025-04-01,218,1222,2254,8028,46010
CUST1005,2025-05-01,183,1985,2465,7770,53159
CUST1005,2025-06-01,262,1355,2121,9427,49913
CUST1005,2025-07-01,180,1542,2453,13656,56204
CUST1005,2025-08-01,220,2515,4995,23041,14195
CUST1005,2025-09-01,206,1399,1791,9943,15805
CUST1005,2025-10-01,236,1141,2093,6945,92230
CUST1005,2025-11-01,244,2735,3161,12562,100661
CUST1005,2025-12-01,198,1598,2635,14070,81847
CUST1044,2023-06-01,80,946,1849,8121,26047
CUST1044,2023-07-01,97,361,576,3332,16657
CUST1044,2023-08-01,81,273,309,1245,27754
CUST1044,2023-09-01,118,812,1114,6014,57484
CUST1044,2023-10-01,92,293,336,1711,38190
CUST1044,2023-11-01,86,671,1257,5942,32857
CUST1044,2023-12-01,93,741,849,4298,33754
CUST1044,2024-01-01,72,494,733,1869,17789
CUST1044,2024-02-01,77,852,1690,5865,10559
CUST1044,2024-03-01,107,741,853,2497,33691
CUST1044,2024-04-01,82,413,732,4065,33368
CUST1044,2024-05-01,76,616,1226,2525,28418
CUST1044,2024-06-01,98,1010,1180,2958,12864
CUST1044,2024-07-01,107,363,513,2370,17110
CUST1044,2024-08-01,100,563,926,3625,10506
CUST1044,2024-09-01,104,383,507,2116,28362
CUST1044,2024-10-01,80,769,1092,6181,11930
CUST1044,2024-11-01,71,668,1300,6657,12901
CUST1044,2024-12-01,111,985,1550,4758,40403
CUST1044,2025-01-01,86,647,743,4162,31602
CUST1044,2025-02-01,87,747,1009,2839,9718
CUST1044,2025-03-01,109,1284,1678,8335,15788
CUST1044,2025-04-01,98,622,1141,2929,48025
CUST1044,2025-05-01,97,900,1516,5783,9836
CUST1044,2025-06-01,120,898,1015,3158,26745
CUST1044,2025-07-01,82,856,1006,3135,26599
CUST1044,2025-08-01,103,768,1441,5099,7208
CUST1044,2025-09-01,91,441,558,2078,6690
CUST1044,2025-10-01,94,540,857,2906,5799
CUST1044,2025-11-01,111,941,1791,10192,50877
CUST1044,2025-12-01,97,998,1628,8187,19732
CUST1023,2023-07-01,175,1208,1793,8816,66663
CUST1023,2023-08-01,188,660,790,2806,70421
CUST1023,2023-09-01,153,1392,2606,14989,39562
CUST1023,2023-10-01,141,1149,1851,7544,17363
CUST1023,2023-11-01,136,874,1547,8815,14870
CUST1023,2023-12-01,114,357,649,3766,10088
CUST1023,2024-01-01,211,1107,1758,5889,48017
CUST1023,2024-02-01,135,1152,1642,7613,54282
CUST1023,2024-03-01,156,1605,2643,6600,47704
CUST1023,2024-04-01,155,912,1220,3312,40025
CUST1023,2024-05-01,169,1176,1787,10478,44969
CUST1023,2024-06-01,181,1918,2485,5552,85518
CUST1023,2024-07-01,182,998,1645,5356,14345
CUST1023,2024-08-01,147,678,1213,3765,64838
CUST1023,2024-09-01,157,650,1083,2802,51508
CUST1023,2024-10-01,168,578,695,1497,60143
CUST1023,2024-11-01,155,1665,2700,5853,57785
CUST1023,2024-12-01,201,713,1242,3770,33335
CUST1023,2025-01-01,173,1575,2947,10059,64571
CUST1023,2025-02-01,179,1504,2127,4913,44699
CUST1023,2025-03-01,178,1352,1775,5863,38645
CUST1023,2025-04-01,190,1976,2913,13305,84385
CUST1023,2025-05-01,166,711,991,5106,33323
CUST1023,2025-06-01,130,867,1462,5676,63449
CUST1023,2025-07-01,171,1470,1829,3984,80137
CUST1023,2025-08-01,146,1636,1837,8149,60387
CUST1023,2025-09-01,149,1131,2038,8218,46438
CUST1023,2025-10-01,176,1072,1386,7377,11381
CUST1023,2025-11-01,192,1830,2640,15816,16377
CUST1023,2025-12-01,162,598,1161,3364,44804
CUST1028,2023-07-01,156,1352,2380,9890,16311
CUST1028,2023-08-01,188,2050,3727,16504,65168
CUST1028,2023-09-01,155,1190,1648,4581,47873
CUST1028,2023-10-01,208,2329,3250,16887,101891
CUST1028,2023-11-01,162,822,1137,6696,58625
CUST1028,2023-12-01,110,770,1510,5495,9444
CUST1028,2024-01-01,166,1335,1560,5380,44466
CUST1028,2024-02-01,158,801,1447,4223,66758
CUST1028,2024-03-01,179,2126,4109,12243,82191
CUST1028,2024-04-01,165,1496,2542,11241,67342
CUST1028,2024-05-01,146,886,1068,3881,40480
CUST1028,2024-06-01,122,528,815,4503,16975
CUST1028,2024-07-01,145,669,1009,2691,34565
CUST1028,2024-08-01,130,1285,2236,8674,12408
CUST1028,2024-09-01,136,1472,2723,5706,17016
CUST1028,2024-10-01,163,596,931,3833,36618
CUST1028,2024-11-01,187,1271,1543,7387,29666
CUST1028,2024-12-01,158,891,1250,6623,31835
CUST1028,2025-01-01,123,1042,1247,6096,10232
CUST1028,2025-02-01,160,1805,3528,19907,53419
CUST1028,2025-03-01,176,1701,2538,12767,64249
CUST1028,2025-04-01,136,1305,2285,9958,56990
CUST1028,2025-05-01,146,1107,1369,2780,46263
CUST1028,2025-06-01,150,1359,2049,6724,19428
CUST1028,2025-07-01,132,1254,1694,8625,20396
CUST1028,2025-08-01,164,1220,1395,5678,46959
CUST1028,2025-09-01,147,1113,2153,6762,32756
CUST1028,2025-10-01,159,1560,3054,6620,75568
CUST1028,2025-11-01,130,1422,2499,9301,22777
CUST1028,2025-12-01,140,1528,2113,7161,17432
CUST1035,2023-11-01,84,459,686,3801,15104
CUST1035,2023-12-01,71,799,1589,7967,33088
CUST1035,2024-01-01,95,854,1047,2960,40608
CUST1035,2024-02-01,71,695,781,4381,34217
CUST1035,2024-03-01,78,612,1113,2255,33120
CUST1035,2024-04-01,86,277,355,2047,26404
CUST1035,2024-05-01,59,565,886,4717,10780
CUST1035,2024-06-01,55,219,380,2044,13749
CUST1035,2024-07-01,58,399,533,2909,28819
CUST1035,2024-08-01,90,862,1038,3544,7702
CUST1035,2024-09-01,69,699,1226,4056,19194
CUST1035,2024-10-01,105,575,958,3881,41965
CUST1035,2024-11-01,69,645,892,5083,16906
CUST1035,2024-12-01,78,888,1611,5268,33434
CUST1035,2025-01-01,93,832,1572,3368,31203
CUST1035,2025-02-01,98,301,368,1289,46493
CUST1035,2025-03-01,99,896,1199,3124,41207
CUST1035,2025-04-01,89,854,1156,3230,39528
CUST1035,2025-05-01,87,1005,1880,9395,4475
CUST1035,2025-06-01,82,295,472,1337,10672
CUST1035,2025-07-01,84,568,759,2672,26271
CUST1035,2025-08-01,69,603,926,4285,9040
CUST1035,2025-09-01,66,376,492,1558,17706
CUST1035,2025-10-01,75,762,1107,3795,19982
CUST1035,2025-11-01,74,286,343,1894,28840
CUST1035,2025-12-01,70,390,769,2538,24366
CUST1009,2023-12-01,35,160,313,1453,7224
CUST1009,2024-01-01,36,236,286,1581,15409
CUST1009,2024-02-01,32,344,564,2678,2017
CUST1009,2024-03-01,39,211,272,1469,9128
CUST1009,2024-04-01,26,209,290,1362,6111
CUST1009,2024-05-01,31,318,471,1433,2312
CUST1009,2024-06-01,28,206,267,1213,1974
CUST1009,2024-07-01,23,161,209,1150,6697
CUST1009,2024-08-01,31,310,371,2178,10069
CUST1009,2024-09-01,31,129,204,1183,1844
CUST1009,2024-10-01,39,250,450,1499,8139
CUST1009,2024-11-01,35,346,400,878,5064
CUST1009,2024-12-01,27,211,419,2242,6155
CUST1009,2025-01-01,40,378,514,1359,8729
CUST1009,2025-02-01,37,248,396,1185,2077
CUST1009,2025-03-01,34,360,640,2627,9372
CUST1009,2025-04-01,30,303,344,1077,1827
CUST1009,2025-05-01,27,234,402,858,10461
CUST1009,2025-06-01,30,309,444,1599,12546
CUST1009,2025-07-01,37,402,754,1738,10250
CUST1009,2025-08-01,41,382,672,1398,15751
CUST1009,2025-09-01,39,307,591,1407,12272
CUST1009,2025-10-01,29,189,349,1897,11691
CUST1009,2025-11-01,26,177,313,1004,6669
CUST1009,2025-12-01,32,124,244,1050,7022
CUST1052,2023-12-01,82,314,618,2622,21935
CUST1052,2024-01-01,117,1306,2063,6144,6756
CUST1052,2024-02-01,109,814,1183,4129,32259
CUST1052,2024-03-01,104,413,537,3168,23795
CUST1052,2024-04-01,85,432,618,2628,28837
CUST1052,2024-05-01,120,719,1314,7756,11151
CUST1052,2024-06-01,103,465,873,3456,16736
CUST1052,2024-07-01,92,393,650,2531,34533
CUST1052,2024-08-01,63,510,667,3381,10294
CUST1052,2024-09-01,111,644,904,2352,21606
CUST1052,2024-10-01,141,1140,1671,3379,50855
CUST1052,2024-11-01,139,1361,2470,10330,26529
CUST1052,2024-12-01,104,922,1281,6194,29275
CUST1052,2025-01-01,101,1083,2158,5018,9824
CUST1052,2025-02-01,119,1105,1589,7988,14630
CUST1052,2025-03-01,95,924,1154,4327,46299
CUST1052,2025-04-01,117,392,580,1556,48136
CUST1052,2025-05-01,124,915,1623,6797,28486
CUST1052,2025-06-01,132,748,1115,3542,61365
CUST1052,2025-07-01,110,999,1568,6993,23895
CUST1052,2025-08-01,108,956,1173,4801,15336
CUST1052,2025-09-01,97,827,1441,5875,15816
CUST1052,2025-10-01,98,702,1363,7780,36657
CUST1052,2025-11-01,108,1152,1407,5765,45709
CUST1052,2025-12-01,118,364,536,1394,9460
CUST1033,2024-01-01,4,23,29,138,1167
CUST1033,2024-02-01,3,17,19,73,361
CUST1033,2024-03-01,4,24,38,110,1331
CUST1033,2024-04-01,3,34,45,237,1321
CUST1033,2024-05-01,3,24,33,148,694
CUST1033,2024-06-01,3,15,23,106,254
CUST1033,2024-07-01,2,8,14,43,336
CUST1033,2024-08-01,4,15,27,117,1578
CUST1033,2024-09-01,4,23,41,179,699
CUST1033,2024-10-01,3,30,56,261,789
CUST1033,2024-11-01,4,18,32,190,364
CUST1033,2024-12-01,4,40,49,130,1774
CUST1033,2025-01-01,3,17,32,70,840
CUST1033,2025-02-01,3,20,33,109,825
CUST1033,2025-03-01,4,16,25,87,893
CUST1033,2025-04-01,3,21,28,114,866
CUST1033,2025-05-01,4,43,79,459,1901
CUST1033,2025-06-01,3,31,53,284,906
CUST1033,2025-07-01,4,29,52,246,1204
CUST1033,2025-08-01,3,20,28,58,643
CUST1033,2025-09-01,3,21,35,171,438
CUST1033,2025-10-01,4,32,63,362,888
CUST1033,2025-11-01,3,13,23,46,746
CUST1033,2025-12-01,3,23,25,81,277
CUST1046,2024-01-01,99,1112,1726,3541,17113
CUST1046,2024-02-01,113,997,1672,6007,56283
CUST1046,2024-03-01,82,765,1030,2295,25213
CUST1046,2024-04-01,97,317,553,2147,31369
CUST1046,2024-05-01,103,730,917,4584,35163
CUST1046,2024-06-01,107,846,1009,3509,34862
CUST1046,2024-07-01,99,932,1617,4378,42859
CUST1046,2024-08-01,91,340,629,1558,22706
CUST1046,2024-09-01,84,789,1091,5925,14688
CUST1046,2024-10-01,98,1045,1765,8736,19570
CUST1046,2024-11-01,81,732,1397,7810,10217
CUST1046,2024-12-01,54,641,1121,3884,3044
CUST1046,2025-01-01,103,924,1362,6361,7999
CUST1046,2025-02-01,110,521,930,2408,18698
CUST1046,2025-03-01,62,282,321,1423,22315
CUST1046,2025-04-01,82,548,916,4917,38826
CUST1046,2025-05-01,106,614,985,2433,27540
CUST1046,2025-06-01,126,1326,1561,8930,11298
CUST1046,2025-07-01,97,1092,1380,3237,18708
CUST1046,2025-08-01,86,743,830,2222,4703
CUST1046,2025-09-01,94,821,1243,6847,44598
CUST1046,2025-10-01,117,675,1156,6670,51370
CUST1046,2025-11-01,87,846,1492,4836,19200
CUST1046,2025-12-01,85,474,640,2726,20084
CUST1056,2024-02-01,47,256,327,1934,7835
CUST1056,2024-03-01,43,299,353,1207,9185
CUST1056,2024-04-01,51,507,796,4233,18317
CUST1056,2024-05-01,63,285,557,2417,7564
CUST1056,2024-06-01,53,430,857,3201,18057
CUST1056,2024-07-01,49,447,607,2044,23805
CUST1056,2024-08-01,48,382,675,2076,13486
CUST1056,2024-09-01,39,190,246,748,18129
CUST1056,2024-10-01,57,436,727,2835,14834
CUST1056,2024-11-01,50,295,474,2196,22778
CUST1056,2024-12-01,49,289,345,1185,22317
CUST1056,2025-01-01,75,332,507,1696,34225
CUST1056,2025-02-01,53,248,352,933,15690
CUST1056,2025-03-01,45,439,656,2929,14269
CUST1056,2025-04-01,47,434,762,2967,7501
CUST1056,2025-05-01,59,561,920,3615,13600
CUST1056,2025-06-01,51,171,331,972,24002
CUST1056,2025-07-01,39,442,529,1959,6677
CUST1056,2025-08-01,58,475,776,2061,7242
CUST1056,2025-09-01,45,256,419,2007,12862
CUST1056,2025-10-01,65,751,1210,3095,22654
CUST1056,2025-11-01,59,595,683,1612,24000
CUST1056,2025-12-01,47,200,282,1010,12091
CUST1030,2024-02-01,203,878,1663,5330,17492
CUST1030,2024-03-01,172,881,1130,2667,27542
CUST1030,2024-04-01,192,1759,3273,11445,50842
CUST1030,2024-05-01,183,1116,1700,8070,66694
CUST1030,2024-06-01,149,1671,2843,15140,54802
CUST1030,2024-07-01,154,1519,1801,4527,60578
CUST1030,2024-08-01,197,827,1485,8304,82524
CUST1030,2024-09-01,162,1550,2297,8212,13323
CUST1030,2024-10-01,160,1183,2089,9078,23961
CUST1030,2024-11-01,146,1237,2215,7700,29628
CUST1030,2024-12-01,181,1884,3107,15555,83543
CUST1030,2025-01-01,223,1964,2404,6615,32347
CUST1030,2025-02-01,143,989,1390,6416,34544
CUST1030,2025-03-01,171,951,1377,7277,11229
CUST1030,2025-04-01,207,2406,3559,9446,73909
CUST1030,2025-05-01,168,1765,2680,6245,60266
CUST1030,2025-06-01,182,712,1335,6960,10101
CUST1030,2025-07-01,143,839,1356,4794,36409
CUST1030,2025-08-01,181,1334,2619,9446,71877
CUST1030,2025-09-01,166,950,1266,5743,53391
CUST1030,2025-10-01,196,2003,3015,10526,51566
CUST1030,2025-11-01,201,1209,1912,6614,81097
CUST1030,2025-12-01,237,2802,4423,15630,83808
CUST1008,2024-03-01,44,134,261,1260,7305
CUST1008,2024-04-01,43,328,542,2974,10565
CUST1008,2024-05-01,42,301,341,1865,10798
CUST1008,2024-06-01,38,131,214,744,9179
CUST1008,2024-07-01,43,390,698,1461,7321
CUST1008,2024-08-01,39,219,323,1223,7174
CUST1008,2024-09-01,42,139,166,817,12140
CUST1008,2024-10-01,49,321,403,1668,5229
CUST1008,2024-11-01,34,146,225,1253,6984
CUST1008,2024-12-01,48,341,564,3200,21917
CUST1008,2025-01-01,49,558,1025,4383,3346
CUST1008,2025-02-01,40,237,268,1189,15028
CUST1008,2025-03-01,27,278,331,1340,10163
CUST1008,2025-04-01,37,223,373,1196,8522
CUST1008,2025-05-01,48,223,395,1930,18441
CUST1008,2025-06-01,40,148,284,1664,16285
CUST1008,2025-07-01,34,276,550,2454,9949
CUST1008,2025-08-01,37,375,646,1418,11396
CUST1008,2025-09-01,46,227,440,1363,16559
CUST1008,2025-10-01,44,205,318,694,10093
CUST1008,2025-11-01,39,180,244,492,5585
CUST1008,2025-12-01,38,381,644,1995,9807
CUST1000,2024-03-01,155,908,1179,2443,30391
CUST1000,2024-04-01,142,507,689,3340,59943
CUST1000,2024-05-01,204,1691,2826,9368,45913
CUST1000,2024-06-01,157,1784,1982,6664,32320
CUST1000,2024-07-01,195,1364,2067,10273,28233
CUST1000,2024-08-01,202,1874,3196,9660,13033
CUST1000,2024-09-01,189,2016,3973,17979,57190
CUST1000,2024-10-01,154,940,1209,7180,33284
CUST1000,2024-11-01,174,978,1353,6356,11014
CUST1000,2024-12-01,164,1414,1767,6019,40046
CUST1000,2025-01-01,142,1698,1903,11215,42656
CUST1000,2025-02-01,173,1283,1682,9561,18902
CUST1000,2025-03-01,135,1142,2129,5083,20012
CUST1000,2025-04-01,194,2314,3734,10135,23590
CUST1000,2025-05-01,153,1529,2692,9703,35776
CUST1000,2025-06-01,169,1649,2434,10702,32740
CUST1000,2025-07-01,172,1078,1288,7134,82922
CUST1000,2025-08-01,158,1557,2157,8935,35783
CUST1000,2025-09-01,179,1920,2967,11439,75495
CUST1000,2025-10-01,153,1077,2080,5637,27506
CUST1000,2025-11-01,186,1449,2029,7823,23719
CUST1000,2025-12-01,131,1462,2112,9741,63981
CUST1007,2024-04-01,110,516,581,1683,35680
CUST1007,2024-05-01,139,1046,1226,5250,32518
CUST1007,2024-06-01,91,291,479,1276,30164
CUST1007,2024-07-01,97,888,1737,3631,31098
CUST1007,2024-08-01,116,1172,1699,6873,15876
CUST1007,2024-09-01,110,1234,1865,9124,17346
CUST1007,2024-10-01,113,819,1426,3991,12395
CUST1007,2024-11-01,115,412,464,2000,29513
CUST1007,2024-12-01,118,1080,1619,4804,15292
CUST1007,2025-01-01,125,894,1499,7816,53380
CUST1007,2025-02-01,114,1236,2370,7061,42740
CUST1007,2025-03-01,104,377,668,3158,24217
CUST1007,2025-04-01,118,905,1378,4879,47479
CUST1007,2025-05-01,138,1603,3037,12601,51350
CUST1007,2025-06-01,105,888,1767,8585,25970
CUST1007,2025-07-01,92,961,1108,5813,38891
CUST1007,2025-08-01,125,1190,1351,4860,58415
CUST1007,2025-09-01,106,918,1373,7070,10242
CUST1007,2025-10-01,72,764,1361,5878,29248
CUST1007,2025-11-01,121,1149,1642,7596,13779
CUST1007,2025-12-01,99,513,787,2406,19652
CUST1001,2024-05-01,177,648,1237,4906,28342
CUST1001,2024-06-01,188,1003,1369,5173,76011
CUST1001,2024-07-01,185,1719,2770,12126,72630
CUST1001,2024-08-01,199,862,1171,3377,43159
CUST1001,2024-09-01,168,1052,1432,8275,20367
CUST1001,2024-10-01,193,1680,2566,9646,35260
CUST1001,2024-11-01,172,1667,2876,7437,31226
CUST1001,2024-12-01,199,1285,2149,4538,28904
CUST1001,2025-01-01,196,1122,1824,5540,73404
CUST1001,2025-02-01,154,1495,2984,10812,50559
CUST1001,2025-03-01,209,947,1335,3502,90638
CUST1001,2025-04-01,165,961,1380,7537,44279
CUST1001,2025-05-01,201,908,1428,3857,91195
CUST1001,2025-06-01,189,591,1153,3884,35756
CUST1001,2025-07-01,229,1149,1551,7928,92784
CUST1001,2025-08-01,173,1531,2175,8346,79703
CUST1001,2025-09-01,170,1896,3518,18937,68406
CUST1001,2025-10-01,179,1381,1802,5063,62454
CUST1001,2025-11-01,171,1126,1338,4439,13720
CUST1001,2025-12-01,201,1603,2534,12581,88978
CUST1049,2024-06-01,12,84,131,390,4905
CUST1049,2024-07-01,14,65,126,684,2138
CUST1049,2024-08-01,14,132,166,982,2374
CUST1049,2024-09-01,19,104,183,902,8794
CUST1049,2024-10-01,21,234,285,915,3013
CUST1049,2024-11-01,16,83,148,578,1507
CUST1049,2024-12-01,16,174,199,1026,1325
CUST1049,2025-01-01,17,124,185,722,1614
CUST1049,2025-02-01,19,157,257,822,1032
CUST1049,2025-03-01,14,96,183,893,3488
CUST1049,2025-04-01,17,149,242,1098,6629
CUST1049,2025-05-01,19,226,299,1084,3264
CUST1049,2025-06-01,18,156,217,853,3198
CUST1049,2025-07-01,17,149,199,821,3459
CUST1049,2025-08-01,19,172,267,1202,1903
CUST1049,2025-09-01,10,98,123,249,4520
CUST1049,2025-10-01,18,136,210,570,7059
CUST1049,2025-11-01,15,135,159,866,3061
CUST1049,2025-12-01,12,110,202,560,1187
CUST1003,2024-06-01,66,324,502,1646,19052
CUST1003,2024-07-01,74,290,397,1761,22714
CUST1003,2024-08-01,60,263,326,1651,24216
CUST1003,2024-09-01,70,746,1230,3233,33636
CUST1003,2024-10-01,76,899,1517,7820,30467
CUST1003,2024-11-01,74,401,777,3020,32212
CUST1003,2024-12-01,77,441,542,1807,16113
CUST1003,2025-01-01,68,660,993,3675,15442
CUST1003,2025-02-01,62,418,746,2697,30126
CUST1003,2025-03-01,47,290,529,3121,18573
CUST1003,2025-04-01,59,187,324,918,21977
CUST1003,2025-05-01,54,305,438,1439,21919
CUST1003,2025-06-01,82,486,779,2179,12032
CUST1003,2025-07-01,60,451,843,2046,9564
CUST1003,2025-08-01,63,373,571,2789,16470
CUST1003,2025-09-01,67,786,897,4159,24087
CUST1003,2025-10-01,62,693,1066,3326,20027
CUST1003,2025-11-01,77,490,583,2657,13415
CUST1003,2025-12-01,56,354,683,1669,6183
CUST1029,2024-06-01,199,729,1443,7113,83767
CUST1029,2024-07-01,172,1868,3046,13086,52086
CUST1029,2024-08-01,155,1076,1501,6283,53833
CUST1029,2024-09-01,176,1409,2586,12304,19925
CUST1029,2024-10-01,192,1906,3590,17221,73454
CUST1029,2024-11-01,181,2102,2995,15246,69915
CUST1029,2024-12-01,173,853,1184,3446,36847
CUST1029,2025-01-01,153,733,1447,4393,49209
CUST1029,2025-02-01,191,2176,2668,12189,46279
CUST1029,2025-03-01,150,1538,2796,14893,11569
CUST1029,2025-04-01,216,2571,3692,15738,107577
CUST1029,2025-05-01,196,2281,4301,14228,57322
CUST1029,2025-06-01,151,837,1172,2658,12683
CUST1029,2025-07-01,185,708,1134,2777,22422
CUST1029,2025-08-01,172,1310,2444,10498,44857
CUST1029,2025-09-01,203,1796,2284,5235,72629
CUST1029,2025-10-01,233,2413,3665,20367,115907
CUST1029,2025-11-01,139,607,848,2312,42930
CUST1029,2025-12-01,197,1396,2516,12473,93934
CUST1021,2024-08-01,7,46,62,278,1578
CUST1021,2024-09-01,8,24,33,85,3480
CUST1021,2024-10-01,8,66,118,487,2753
CUST1021,2024-11-01,7,33,60,342,3163
CUST1021,2024-12-01,7,66,106,292,817
CUST1021,2025-01-01,7,40,47,194,3325
CUST1021,2025-02-01,9,30,36,122,730
CUST1021,2025-03-01,8,86,166,769,1126
CUST1021,2025-04-01,10,44,87,255,4639
CUST1021,2025-05-01,7,69,77,424,3324
CUST1021,2025-06-01,7,28,54,113,3082
CUST1021,2025-07-01,6,64,82,180,1484
CUST1021,2025-08-01,5,23,41,178,530
CUST1021,2025-09-01,6,70,108,465,1694
CUST1021,2025-10-01,8,35,45,259,3066
CUST1021,2025-11-01,8,49,97,355,1157
CUST1021,2025-12-01,6,22,34,133,1673
CUST1051,2024-09-01,134,421,607,2233,64682
CUST1051,2024-10-01,110,429,611,1979,8732
CUST1051,2024-11-01,121,1393,2349,6853,44231
CUST1051,2024-12-01,147,1301,2379,13093,8398
CUST1051,2025-01-01,135,1576,2768,15471,9506
CUST1051,2025-02-01,114,1211,1525,3106,32305
CUST1051,2025-03-01,103,438,667,1438,32784
CUST1051,2025-04-01,80,391,690,2188,26231
CUST1051,2025-05-01,106,1103,1629,4395,30037
CUST1051,2025-06-01,115,501,916,4281,24642
CUST1051,2025-07-01,101,1143,2066,4379,14325
CUST1051,2025-08-01,116,769,1104,5923,38263
CUST1051,2025-09-01,120,390,438,925,31407
CUST1051,2025-10-01,114,1096,1347,4890,33375
CUST1051,2025-11-01,107,1055,1846,4945,10170
CUST1051,2025-12-01,122,748,972,3576,9741
CUST1006,2024-09-01,132,947,1395,7801,32760
CUST1006,2024-10-01,103,1103,2016,4037,27223
CUST1006,2024-11-01,150,1664,2215,7290,43949
CUST1006,2024-12-01,122,1416,2409,5746,33154
CUST1006,2025-01-01,124,1299,2096,5246,34922
CUST1006,2025-02-01,137,1404,1724,7993,52667
CUST1006,2025-03-01,128,1210,1638,7305,20787
CUST1006,2025-04-01,141,741,1301,4168,52128
CUST1006,2025-05-01,129,923,1506,6125,63782
CUST1006,2025-06-01,112,604,1153,3818,24488
CUST1006,2025-07-01,130,559,985,5321,50254
CUST1006,2025-08-01,102,1040,1735,8981,50060
CUST1006,2025-09-01,126,394,658,3514,19784
CUST1006,2025-10-01,123,808,897,3519,53622
CUST1006,2025-11-01,120,562,1058,6224,27905
CUST1006,2025-12-01,121,1444,2177,6642,30000
CUST1058,2024-09-01,138,760,1361,7751,27843
CUST1058,2024-10-01,177,1952,2595,13566,47667
CUST1058,2024-11-01,195,1548,2626,12268,39793
CUST1058,2024-12-01,197,1511,1747,6047,66789
CUST1058,2025-01-01,163,1904,2310,6718,41702
CUST1058,2025-02-01,229,916,1461,4650,101444
CUST1058,2025-03-01,167,962,1435,8519,14584
CUST1058,2025-04-01,221,2387,3709,13316,104657
CUST1058,2025-05-01,205,2457,3133,16793,30716
CUST1058,2025-06-01,174,548,964,3292,55753
CUST1058,2025-07-01,244,1065,1995,8179,100068
CUST1058,2025-08-01,158,989,1292,7478,45644
CUST1058,2025-09-01,219,1395,1660,4419,73461
CUST1058,2025-10-01,221,1892,3517,17600,26171
CUST1058,2025-11-01,173,1985,3272,17777,30325
CUST1058,2025-12-01,233,2710,5295,16869,106115
CUST1054,2024-09-01,105,1159,1763,4485,49577
CUST1054,2024-10-01,114,342,453,1913,21685
CUST1054,2024-11-01,114,1289,2129,12427,8738
CUST1054,2024-12-01,107,716,880,4654,42165
CUST1054,2025-01-01,123,1262,2468,7329,49672
CUST1054,2025-02-01,123,1084,1573,4362,52330
CUST1054,2025-03-01,81,294,578,1794,36586
CUST1054,2025-04-01,131,538,949,5482,15501
CUST1054,2025-05-01,82,573,976,4921,4497
CUST1054,2025-06-01,127,515,710,1711,42271
CUST1054,2025-07-01,128,926,1568,5010,13592
CUST1054,2025-08-01,91,881,1329,3032,44639
CUST1054,2025-09-01,103,1153,1622,5009,50941
CUST1054,2025-10-01,91,585,1112,2725,23654
CUST1054,2025-11-01,106,876,1654,7882,43195
CUST1054,2025-12-01,104,1021,1329,3205,51887
CUST1013,2024-10-01,175,2036,3824,11338,75684
CUST1013,2024-11-01,187,1393,2411,8992,14117
CUST1013,2024-12-01,189,745,1335,7168,71744
CUST1013,2025-01-01,143,1593,2670,8851,50070
CUST1013,2025-02-01,152,799,1135,2328,56375
CUST1013,2025-03-01,117,862,1402,4045,28687
CUST1013,2025-04-01,138,744,1486,7883,37196
CUST1013,2025-05-01,179,1514,2436,10782,79060
CUST1013,2025-06-01,195,1756,1998,4857,83302
CUST1013,2025-07-01,127,1115,1325,3153,61598
CUST1013,2025-08-01,143,736,1193,5770,46004
CUST1013,2025-09-01,156,1612,2815,6078,53225
CUST1013,2025-10-01,163,1134,1717,9363,10884
CUST1013,2025-11-01,137,902,1645,8188,33470
CUST1013,2025-12-01,166,1854,2399,6532,55399
CUST1020,2024-10-01,80,311,599,3119,30246
CUST1020,2024-11-01,86,915,1215,6407,17614
CUST1020,2024-12-01,94,1105,1462,5532,6721
CUST1020,2025-01-01,87,619,1232,3760,35421
CUST1020,2025-02-01,81,395,708,2965,15782
CUST1020,2025-03-01,85,562,794,4177,36560
CUST1020,2025-04-01,85,910,1274,5689,32549
CUST1020,2025-05-01,82,863,1126,5984,7837
CUST1020,2025-06-01,83,788,1320,4292,22720
CUST1020,2025-07-01,107,500,722,2208,39411
CUST1020,2025-08-01,94,578,1055,5890,36626
CUST1020,2025-09-01,83,965,1341,3279,25881
CUST1020,2025-10-01,96,1073,1856,7873,37492
CUST1020,2025-11-01,82,643,937,4481,11429
CUST1020,2025-12-01,102,389,637,3508,23672
CUST1047,2024-12-01,73,314,441,1506,8020
CUST1047,2025-01-01,68,439,816,4035,30219
CUST1047,2025-02-01,74,753,1244,7318,14483
CUST1047,2025-03-01,53,266,490,1461,6347
CUST1047,2025-04-01,58,692,777,2251,21041
CUST1047,2025-05-01,57,283,534,2008,23665
CUST1047,2025-06-01,71,305,416,2437,30948
CUST1047,2025-07-01,88,646,965,4077,43935
CUST1047,2025-08-01,93,439,556,2265,21373
CUST1047,2025-09-01,76,621,1187,4211,12743
CUST1047,2025-10-01,75,762,1087,5659,18306
CUST1047,2025-11-01,51,320,618,1816,14951
CUST1047,2025-12-01,64,236,406,1334,27030
CUST1014,2025-01-01,160,835,1323,3327,78632
CUST1014,2025-02-01,165,1659,2582,10077,31526
CUST1014,2025-03-01,177,1816,2984,14563,66004
CUST1014,2025-04-01,169,1487,2377,14120,43835
CUST1014,2025-05-01,127,1037,1190,5325,34761
CUST1014,2025-06-01,202,1398,2737,7349,61000
CUST1014,2025-07-01,152,1220,1405,4763,66942
CUST1014,2025-08-01,188,814,1395,3155,70216
CUST1014,2025-09-01,238,1934,3776,18544,88327
CUST1014,2025-10-01,156,1157,2006,11576,77031
CUST1014,2025-11-01,112,552,831,3451,39603
CUST1014,2025-12-01,174,1039,1675,9218,82792
CUST1025,2025-03-01,45,445,882,3834,19720
CUST1025,2025-04-01,50,586,672,3372,15717
CUST1025,2025-05-01,31,309,359,809,7321
CUST1025,2025-06-01,41,182,232,1373,16325
CUST1025,2025-07-01,36,428,792,1677,16846
CUST1025,2025-08-01,38,363,507,1204,8800
CUST1025,2025-09-01,54,502,861,4494,11965
CUST1025,2025-10-01,30,218,406,1109,5701
CUST1025,2025-11-01,40,183,272,818,3633
CUST1025,2025-12-01,41,219,280,953,13991
CUST1050,2025-07-01,26,157,278,1138,1538
CUST1050,2025-08-01,23,194,384,858,5012
CUST1050,2025-09-01,24,108,212,872,1250
CUST1050,2025-10-01,21,135,151,848,6373
CUST1050,2025-11-01,23,246,482,1327,7576
CUST1050,2025-12-01,21,97,125,422,9291
CUST1055,2025-08-01,45,377,609,3389,16553
CUST1055,2025-09-01,39,425,535,1388,16323
CUST1055,2025-10-01,44,144,163,676,21169
CUST1055,2025-11-01,41,470,858,2785,7426
CUST1055,2025-12-01,49,300,378,1539,22300
CUST1045,2025-09-01,128,606,751,3344,25834
CUST1045,2025-10-01,95,673,1139,6067,38268
CUST1045,2025-11-01,154,1770,3012,6812,24763
CUST1045,2025-12-01,112,478,938,3717,45620
